block,block_start,lambda,seed,method,model,risk,speed,gain,hazard,n_obs
0,2004-06-30,0.003,0,dtr,dtr,0.46518224477767944,0.0,0.0,0.0,332
1,2004-07-14,0.003,0,dtr,dtr,0.6486152410507202,0.589765727519989,0.09020489454269409,0.0313753923623434,213
2,2004-07-31,0.003,0,dtr,dtr,1.1805033683776855,2.501310348510742,0.048167984932661057,0.30136557277080833,195
3,2004-08-11,0.003,0,dtr,dtr,0.937170684337616,1.4069782495498657,0.00506945513188839,0.010035431504898001,220
4,2004-08-25,0.003,0,dtr,dtr,0.6176508665084839,1.578414797782898,0.15855686366558075,0.3950275036607691,166
5,2004-09-08,0.003,0,dtr,dtr,0.6507856249809265,1.030644178390503,0.16302715241909027,0.17317191190353182,237
6,2004-09-22,0.003,0,dtr,dtr,0.2855004370212555,1.0603092908859253,0.0679856613278389,0.07643327354382136,201
7,2004-10-07,0.003,0,dtr,dtr,0.23323017358779907,2.3673222064971924,0.006610995624214411,0.037049437069755636,116
8,2004-10-20,0.003,0,dtr,dtr,0.3285852372646332,0.7426848411560059,0.25609663128852844,0.14125797792127778,322
9,2004-11-03,0.003,0,dtr,dtr,0.1838407963514328,4.305335521697998,0.03061343915760517,0.567448074073463,305
10,2004-11-17,0.003,0,dtr,dtr,0.8203303813934326,1.8594954013824463,0.25843021273612976,0.893580128658894,328
11,2004-12-01,0.003,0,dtr,dtr,0.2519959509372711,1.149946928024292,0.25634777545928955,0.3389886425362509,307
12,2004-12-17,0.003,0,dtr,dtr,0.6536575555801392,1.5976122617721558,0.004340120125561953,0.011077570439379587,237
13,2005-01-01,0.003,0,dtr,dtr,0.25582313537597656,1.4250354766845703,0.04498137906193733,0.09134486091631992,224
14,2005-01-12,0.003,0,dtr,dtr,0.7688669562339783,1.3407779932022095,0.002970401430502534,0.005339847958199038,279
15,2005-01-26,0.003,0,dtr,dtr,0.15224891901016235,2.018606662750244,0.05943416804075241,0.24218073482374056,296
16,2005-02-11,0.003,0,dtr,dtr,0.16005907952785492,1.3082793951034546,0.040154457092285156,0.06872816700919958,281
17,2005-02-23,0.003,0,dtr,dtr,0.2029307335615158,0.8407312631607056,0.05142772197723389,0.0363506082214103,331
18,2005-03-09,0.003,0,dtr,dtr,0.40964674949645996,2.808095932006836,0.019433945417404175,0.15324448689725687,320
19,2005-03-23,0.003,0,dtr,dtr,0.1430312991142273,1.157148838043213,0.14955070614814758,0.20024741349042313,281
0,2004-06-30,0.003,1,dtr,dtr,0.34909242391586304,0.0,0.0,0.0,332
1,2004-07-14,0.003,1,dtr,dtr,0.45924675464630127,0.589765727519989,0.06543087214231491,0.02275840237365175,213
2,2004-07-31,0.003,1,dtr,dtr,1.1838462352752686,2.501310348510742,0.06193666160106659,0.3875100344141794,195
3,2004-08-11,0.003,1,dtr,dtr,1.0083979368209839,1.4069782495498657,0.008251548744738102,0.016334665182508496,220
4,2004-08-25,0.003,1,dtr,dtr,0.433977335691452,1.578414797782898,0.1763216108083725,0.4392864752041446,166
5,2004-09-08,0.003,1,dtr,dtr,0.3766462206840515,1.030644178390503,0.17941978573799133,0.19058461654103995,237
6,2004-09-22,0.003,1,dtr,dtr,0.22682732343673706,1.0603092908859253,0.05776457116007805,0.06494215371869688,201
7,2004-10-07,0.003,1,dtr,dtr,0.2117808759212494,2.3673222064971924,0.006342437583953142,0.03554438022539883,116
8,2004-10-20,0.003,1,dtr,dtr,0.2556191086769104,0.7426848411560059,0.27224376797676086,0.15016442806207805,322
9,2004-11-03,0.003,1,dtr,dtr,0.25278329849243164,4.305335521697998,0.04488718509674072,0.8320250006081684,305
10,2004-11-17,0.003,1,dtr,dtr,0.8903359174728394,1.8594954013824463,0.22717885673046112,0.785521591599128,328
11,2004-12-01,0.003,1,dtr,dtr,0.3122456669807434,1.149946928024292,0.2434236854314804,0.3218981110241525,307
12,2004-12-17,0.003,1,dtr,dtr,0.7466968297958374,1.5976122617721558,0.009700010530650616,0.024757966786021424,237
13,2005-01-01,0.003,1,dtr,dtr,0.29661816358566284,1.4250354766845703,0.07097698003053665,0.14413480654344682,224
14,2005-01-12,0.003,1,dtr,dtr,0.834711492061615,1.3407779932022095,0.007823609746992588,0.014064390793858673,279
15,2005-01-26,0.003,1,dtr,dtr,0.1946360021829605,2.018606662750244,0.09650994837284088,0.39325611824346113,296
16,2005-02-11,0.003,1,dtr,dtr,0.1839548945426941,1.3082793951034546,0.06112101301550865,0.10461441878412106,281
17,2005-02-23,0.003,1,dtr,dtr,0.2152976393699646,0.8407312631607056,0.0782805010676384,0.05533093273983795,331
18,2005-03-09,0.003,1,dtr,dtr,0.43237560987472534,2.808095932006836,0.03400517255067825,0.26814448159942544,320
19,2005-03-23,0.003,1,dtr,dtr,0.1916140615940094,1.157148838043213,0.14339640736579895,0.1920068478337705,281
0,2004-06-30,0.003,2,dtr,dtr,0.4218733012676239,0.0,0.0,0.0,332
1,2004-07-14,0.003,2,dtr,dtr,0.6036127805709839,0.589765727519989,0.08392097800970078,0.029189697807802728,213
2,2004-07-31,0.003,2,dtr,dtr,1.1229074001312256,2.501310348510742,0.05331385135650635,0.33356096114738687,195
3,2004-08-11,0.003,2,dtr,dtr,1.0154281854629517,1.4069782495498657,0.007594131398946047,0.015033249828750265,220
4,2004-08-25,0.003,2,dtr,dtr,0.6169615387916565,1.578414797782898,0.1329890489578247,0.3313280220705663,166
5,2004-09-08,0.003,2,dtr,dtr,0.5234264135360718,1.030644178390503,0.21326716244220734,0.22653822825426143,237
6,2004-09-22,0.003,2,dtr,dtr,0.27479156851768494,1.0603092908859253,0.03282542899250984,0.036904178680842184,201
7,2004-10-07,0.003,2,dtr,dtr,0.27736353874206543,2.3673222064971924,0.007304098457098007,0.0409337339668424,116
8,2004-10-20,0.003,2,dtr,dtr,0.3688044250011444,0.7426848411560059,0.20879150927066803,0.11516538213842338,322
9,2004-11-03,0.003,2,dtr,dtr,0.24657569825649261,4.305335521697998,0.030090540647506714,0.5577556722833968,305
10,2004-11-17,0.003,2,dtr,dtr,0.8445726037025452,1.8594954013824463,0.22136692702770233,0.7654255477327307,328
11,2004-12-01,0.003,2,dtr,dtr,0.30656877160072327,1.149946928024292,0.20843523740768433,0.2756301592980787,307
12,2004-12-17,0.003,2,dtr,dtr,0.9437277913093567,1.5976122617721558,0.0158084724098444,0.04034899071747832,237
13,2005-01-01,0.003,2,dtr,dtr,0.2541438937187195,1.4250354766845703,0.037102580070495605,0.0753451780904575,224
14,2005-01-12,0.003,2,dtr,dtr,0.6945529580116272,1.3407779932022095,0.005074396729469299,0.009122170066543605,279
15,2005-01-26,0.003,2,dtr,dtr,0.3192148804664612,2.018606662750244,0.08779046684503555,0.3577262115702829,296
16,2005-02-11,0.003,2,dtr,dtr,0.20750533044338226,1.3082793951034546,0.05867902934551239,0.10043473180393059,281
17,2005-02-23,0.003,2,dtr,dtr,0.4162271320819855,0.8407312631607056,0.07507800310850143,0.053067314127798554,331
18,2005-03-09,0.003,2,dtr,dtr,0.36799585819244385,2.808095932006836,0.031067634001374245,0.24498080700528668,320
19,2005-03-23,0.003,2,dtr,dtr,0.16705547273159027,1.157148838043213,0.16057990491390228,0.21501543821326394,281
0,2004-06-30,0.003,3,dtr,dtr,0.37017688155174255,0.0,0.0,0.0,332
1,2004-07-14,0.003,3,dtr,dtr,0.4729257822036743,0.589765727519989,0.054359398782253265,0.018907482504367325,213
2,2004-07-31,0.003,3,dtr,dtr,0.7029082179069519,2.501310348510742,0.033181581646203995,0.20760233944246018,195
3,2004-08-11,0.003,3,dtr,dtr,0.5869170427322388,1.4069782495498657,0.012069741263985634,0.023893112491450208,220
4,2004-08-25,0.003,3,dtr,dtr,0.4449210464954376,1.578414797782898,0.12498626112937927,0.3113899303026484,166
5,2004-09-08,0.003,3,dtr,dtr,0.43822774291038513,1.030644178390503,0.1616891771554947,0.1717506778879805,237
6,2004-09-22,0.003,3,dtr,dtr,0.22952765226364136,1.0603092908859253,0.03344360366463661,0.03759916513665798,201
7,2004-10-07,0.003,3,dtr,dtr,0.1740112006664276,2.3673222064971924,0.01205332763493061,0.06754943265365938,116
8,2004-10-20,0.003,3,dtr,dtr,0.2322496622800827,0.7426848411560059,0.17420074343681335,0.09608578077133735,322
9,2004-11-03,0.003,3,dtr,dtr,0.24215908348560333,4.305335521697998,0.03919558227062225,0.7265259403606475,305
10,2004-11-17,0.003,3,dtr,dtr,0.8033303022384644,1.8594954013824463,0.19694000482559204,0.6809640134059012,328
11,2004-12-01,0.003,3,dtr,dtr,0.33442988991737366,1.149946928024292,0.19373013079166412,0.25618445074381363,307
12,2004-12-17,0.003,3,dtr,dtr,1.3485397100448608,1.5976122617721558,0.0183483324944973,0.046831640547422414,237
13,2005-01-01,0.003,3,dtr,dtr,0.284866601228714,1.4250354766845703,0.03937254473567009,0.07995485460437257,224
14,2005-01-12,0.003,3,dtr,dtr,0.7559558749198914,1.3407779932022095,0.01655212603509426,0.02975551907049751,279
15,2005-01-26,0.003,3,dtr,dtr,0.4360065460205078,2.018606662750244,0.08984909951686859,0.3661146721079123,296
16,2005-02-11,0.003,3,dtr,dtr,0.25359928607940674,1.3082793951034546,0.0729568749666214,0.12487262063215941,281
17,2005-02-23,0.003,3,dtr,dtr,0.4152030050754547,0.8407312631607056,0.07595378905534744,0.05368634508261528,331
18,2005-03-09,0.003,3,dtr,dtr,0.47810736298561096,2.808095932006836,0.0331098772585392,0.26108471762877494,320
19,2005-03-23,0.003,3,dtr,dtr,0.14462842047214508,1.157148838043213,0.12731148302555084,0.17046923976568762,281
0,2004-06-30,0.003,4,dtr,dtr,0.289447546005249,0.0,0.0,0.0,332
1,2004-07-14,0.003,4,dtr,dtr,0.36405518651008606,0.589765727519989,0.054006319493055344,0.01878467319019692,213
2,2004-07-31,0.003,4,dtr,dtr,0.5694210529327393,2.501310348510742,0.021943386644124985,0.13728997162291495,195
3,2004-08-11,0.003,4,dtr,dtr,0.47902241349220276,1.4069782495498657,0.010435149073600769,0.020657293742041925,220
4,2004-08-25,0.003,4,dtr,dtr,0.34477511048316956,1.578414797782898,0.11527977138757706,0.287207247047131,166
5,2004-09-08,0.003,4,dtr,dtr,0.3091748058795929,1.030644178390503,0.18574455380439758,0.1973029586218142,237
6,2004-09-22,0.003,4,dtr,dtr,0.18590568006038666,1.0603092908859253,0.03442707285284996,0.03870483606809378,201
7,2004-10-07,0.003,4,dtr,dtr,0.14980831742286682,2.3673222064971924,0.01782703585922718,0.0999065315952618,116
8,2004-10-20,0.003,4,dtr,dtr,0.19760477542877197,0.7426848411560059,0.2048862725496292,0.11301132864797993,322
9,2004-11-03,0.003,4,dtr,dtr,0.21661552786827087,4.305335521697998,0.037395887076854706,0.6931669451048348,305
10,2004-11-17,0.003,4,dtr,dtr,0.9179747104644775,1.8594954013824463,0.16368679702281952,0.5659836270488992,328
11,2004-12-01,0.003,4,dtr,dtr,0.2652941346168518,1.149946928024292,0.1754365861415863,0.23199347090404124,307
12,2004-12-17,0.003,4,dtr,dtr,0.9995081424713135,1.5976122617721558,0.010877784341573715,0.027764075367052433,237
13,2005-01-01,0.003,4,dtr,dtr,0.24181731045246124,1.4250354766845703,0.03484151512384415,0.07075357446731709,224
14,2005-01-12,0.003,4,dtr,dtr,0.7134341597557068,1.3407779932022095,0.0037669448647648096,0.006771782641297635,279
15,2005-01-26,0.003,4,dtr,dtr,0.24458076059818268,2.018606662750244,0.08217985928058624,0.33486426014472764,296
16,2005-02-11,0.003,4,dtr,dtr,0.18614868819713593,1.3082793951034546,0.04392346739768982,0.07517918611111178,281
17,2005-02-23,0.003,4,dtr,dtr,0.291281521320343,0.8407312631607056,0.044842831790447235,0.031696216501184905,331
18,2005-03-09,0.003,4,dtr,dtr,0.4222032129764557,2.808095932006836,0.018293682485818863,0.14425305442558467,320
19,2005-03-23,0.003,4,dtr,dtr,0.15211597084999084,1.157148838043213,0.10435072332620621,0.13972493330273977,281
0,2004-06-30,0.003,5,dtr,dtr,0.32405075430870056,0.0,0.0,0.0,332
1,2004-07-14,0.003,5,dtr,dtr,0.38221487402915955,0.589765727519989,0.04651040956377983,0.01617741871319633,213
2,2004-07-31,0.003,5,dtr,dtr,0.6397433280944824,2.501310348510742,0.024886442348361015,0.15570335697095108,195
3,2004-08-11,0.003,5,dtr,dtr,0.47934356331825256,1.4069782495498657,0.012484671548008919,0.024714503417356766,220
4,2004-08-25,0.003,5,dtr,dtr,0.3174920976161957,1.578414797782898,0.1269930899143219,0.31638973003924314,166
5,2004-09-08,0.003,5,dtr,dtr,0.4486125111579895,1.030644178390503,0.11754938960075378,0.12486418512620713,237
6,2004-09-22,0.003,5,dtr,dtr,0.2546819746494293,1.0603092908859253,0.028158795088529587,0.03165768848356676,201
7,2004-10-07,0.003,5,dtr,dtr,0.15044794976711273,2.3673222064971924,0.011205189861357212,0.06279628670490157,116
8,2004-10-20,0.003,5,dtr,dtr,0.2922252118587494,0.7426848411560059,0.16691656410694122,0.092067967503835,322
9,2004-11-03,0.003,5,dtr,dtr,0.21724829077720642,4.305335521697998,0.03580310568213463,0.6636432862241429,305
10,2004-11-17,0.003,5,dtr,dtr,0.9206594228744507,1.8594954013824463,0.22376805543899536,0.7737279850212089,328
11,2004-12-01,0.003,5,dtr,dtr,0.28740352392196655,1.149946928024292,0.205303356051445,0.27148862849043276,307
12,2004-12-17,0.003,5,dtr,dtr,0.8072109222412109,1.5976122617721558,0.006798535119742155,0.017352342675950348,237
13,2005-01-01,0.003,5,dtr,dtr,0.22002704441547394,1.4250354766845703,0.056024130433797836,0.11376966445129305,224
14,2005-01-12,0.003,5,dtr,dtr,0.7507283687591553,1.3407779932022095,0.0072462065145373344,0.013026401301858568,279
15,2005-01-26,0.003,5,dtr,dtr,0.18907533586025238,2.018606662750244,0.05493906885385513,0.22386422665890954,296
16,2005-02-11,0.003,5,dtr,dtr,0.172188401222229,1.3082793951034546,0.043995924293994904,0.07530320297077893,281
17,2005-02-23,0.003,5,dtr,dtr,0.23141281306743622,0.8407312631607056,0.056872449815273285,0.04019910006400818,331
18,2005-03-09,0.003,5,dtr,dtr,0.43640127778053284,2.808095932006836,0.0364471971988678,0.28740082950843626,320
19,2005-03-23,0.003,5,dtr,dtr,0.15792904794216156,1.157148838043213,0.10785280168056488,0.14441419322242494,281
0,2004-06-30,0.003,6,dtr,dtr,0.4842804968357086,0.0,0.0,0.0,332
1,2004-07-14,0.003,6,dtr,dtr,0.6892654299736023,0.589765727519989,0.09928476065397263,0.034533584201967726,213
2,2004-07-31,0.003,6,dtr,dtr,1.2532552480697632,2.501310348510742,0.0353049710392952,0.22088743869581265,195
3,2004-08-11,0.003,6,dtr,dtr,1.1465247869491577,1.4069782495498657,0.014005555771291256,0.02772522726292801,220
4,2004-08-25,0.003,6,dtr,dtr,0.8180506825447083,1.578414797782898,0.17235995829105377,0.4294164407691261,166
5,2004-09-08,0.003,6,dtr,dtr,0.7108264565467834,1.030644178390503,0.2184750884771347,0.2320702301026538,237
6,2004-09-22,0.003,6,dtr,dtr,0.36900028586387634,1.0603092908859253,0.040409233421087265,0.04543031473763662,201
7,2004-10-07,0.003,6,dtr,dtr,0.3161449432373047,2.3673222064971924,0.008369031362235546,0.04690184632013015,116
8,2004-10-20,0.003,6,dtr,dtr,0.4523092806339264,0.7426848411560059,0.21840257942676544,0.1204666636472,322
9,2004-11-03,0.003,6,dtr,dtr,0.34525617957115173,4.305335521697998,0.03686090558767319,0.6832505742541723,305
10,2004-11-17,0.003,6,dtr,dtr,0.9468539953231812,1.8594954013824463,0.22000163793563843,0.7607047560357139,328
11,2004-12-01,0.003,6,dtr,dtr,0.40359318256378174,1.149946928024292,0.23794876039028168,0.31465819094145053,307
12,2004-12-17,0.003,6,dtr,dtr,1.0845856666564941,1.5976122617721558,0.010233362205326557,0.026119274900602427,237
13,2005-01-01,0.003,6,dtr,dtr,0.26409125328063965,1.4250354766845703,0.03945619612932205,0.08012472767358358,224
14,2005-01-12,0.003,6,dtr,dtr,0.6779531836509705,1.3407779932022095,0.005571815650910139,0.010016372912243174,279
15,2005-01-26,0.003,6,dtr,dtr,0.2928992509841919,2.018606662750244,0.10733446478843689,0.4373635639444458,296
16,2005-02-11,0.003,6,dtr,dtr,0.18483582139015198,1.3082793951034546,0.056050825864076614,0.09593631193011333,281
17,2005-02-23,0.003,6,dtr,dtr,0.3756459951400757,0.8407312631607056,0.08121718466281891,0.057406666035703276,331
18,2005-03-09,0.003,6,dtr,dtr,0.4386662542819977,2.808095932006836,0.029082143679261208,0.2293244161326852,320
19,2005-03-23,0.003,6,dtr,dtr,0.22148145735263824,1.157148838043213,0.1750807911157608,0.23443202961581214,281
0,2004-06-30,0.003,7,dtr,dtr,0.2704896926879883,0.0,0.0,0.0,332
1,2004-07-14,0.003,7,dtr,dtr,0.36051154136657715,0.589765727519989,0.04546589031815529,0.015814110254962085,213
2,2004-07-31,0.003,7,dtr,dtr,0.5582486391067505,2.501310348510742,0.03455304354429245,0.21618296412560972,195
3,2004-08-11,0.003,7,dtr,dtr,0.44528740644454956,1.4069782495498657,0.008177108131349087,0.016187303452813145,220
4,2004-08-25,0.003,7,dtr,dtr,0.2710135579109192,1.578414797782898,0.121304452419281,0.3022170968466703,166
5,2004-09-08,0.003,7,dtr,dtr,0.3760019838809967,1.030644178390503,0.10492123663425446,0.11145021475029526,237
6,2004-09-22,0.003,7,dtr,dtr,0.1808098554611206,1.0603092908859253,0.033878471702337265,0.03808806804694604,201
7,2004-10-07,0.003,7,dtr,dtr,0.18215404450893402,2.3673222064971924,0.011295067146420479,0.06329997828272617,116
8,2004-10-20,0.003,7,dtr,dtr,0.2918124496936798,0.7426848411560059,0.17213113605976105,0.09494422513391079,322
9,2004-11-03,0.003,7,dtr,dtr,0.15854214131832123,4.305335521697998,0.035012487322092056,0.6489884523316293,305
10,2004-11-17,0.003,7,dtr,dtr,0.8403335213661194,1.8594954013824463,0.2423275262117386,0.837901496722344,328
11,2004-12-01,0.003,7,dtr,dtr,0.2508932054042816,1.149946928024292,0.2462843656539917,0.3256810114359932,307
12,2004-12-17,0.003,7,dtr,dtr,0.621545672416687,1.5976122617721558,0.007689397316426039,0.019626148112215407,237
13,2005-01-01,0.003,7,dtr,dtr,0.3112759292125702,1.4250354766845703,0.05491679534316063,0.11152097017042767,224
14,2005-01-12,0.003,7,dtr,dtr,0.888835608959198,1.3407779932022095,0.009638323448598385,0.017326675532455815,279
15,2005-01-26,0.003,7,dtr,dtr,0.1944684088230133,2.018606662750244,0.08589904755353928,0.3500191075764946,296
16,2005-02-11,0.003,7,dtr,dtr,0.20119595527648926,1.3082793951034546,0.04891682043671608,0.08372578408436708,281
17,2005-02-23,0.003,7,dtr,dtr,0.24562206864356995,0.8407312631607056,0.06229940429329872,0.04403502917931024,331
18,2005-03-09,0.003,7,dtr,dtr,0.42466527223587036,2.808095932006836,0.04678995907306671,0.36895767257194995,320
19,2005-03-23,0.003,7,dtr,dtr,0.1671099066734314,1.157148838043213,0.15708626806735992,0.2103374814171127,281
0,2004-06-30,0.003,8,dtr,dtr,0.42376312613487244,0.0,0.0,0.0,332
1,2004-07-14,0.003,8,dtr,dtr,0.5273353457450867,0.589765727519989,0.06325782835483551,0.022002566431507286,213
2,2004-07-31,0.003,8,dtr,dtr,0.8061057925224304,2.501310348510742,0.030344417318701744,0.18985146915386608,195
3,2004-08-11,0.003,8,dtr,dtr,0.5692744255065918,1.4069782495498657,0.00473520252853632,0.009373749130953402,220
4,2004-08-25,0.003,8,dtr,dtr,0.4734807312488556,1.578414797782898,0.12535543739795685,0.31230969357505134,166
5,2004-09-08,0.003,8,dtr,dtr,0.5112240314483643,1.030644178390503,0.1741483360528946,0.18498513812946352,237
6,2004-09-22,0.003,8,dtr,dtr,0.22519327700138092,1.0603092908859253,0.04631857946515083,0.05207393125661072,201
7,2004-10-07,0.003,8,dtr,dtr,0.16628624498844147,2.3673222064971924,0.006380304228514433,0.03575659302124123,116
8,2004-10-20,0.003,8,dtr,dtr,0.28315573930740356,0.7426848411560059,0.18404850363731384,0.10151761595783419,322
9,2004-11-03,0.003,8,dtr,dtr,0.2303532361984253,4.305335521697998,0.029676390811800957,0.5500790265645282,305
10,2004-11-17,0.003,8,dtr,dtr,0.8471406102180481,1.8594954013824463,0.23137566447257996,0.8000329908757611,328
11,2004-12-01,0.003,8,dtr,dtr,0.3112693428993225,1.149946928024292,0.19783495366573334,0.2616125779488943,307
12,2004-12-17,0.003,8,dtr,dtr,0.8839964866638184,1.5976122617721558,0.01232347171753645,0.03145399713816366,237
13,2005-01-01,0.003,8,dtr,dtr,0.202855184674263,1.4250354766845703,0.029072359204292297,0.05903799890992041,224
14,2005-01-12,0.003,8,dtr,dtr,0.7499496936798096,1.3407779932022095,0.007866492494940758,0.014141480493493733,279
15,2005-01-26,0.003,8,dtr,dtr,0.2584811747074127,2.018606662750244,0.09358572214841843,0.3813405605909019,296
16,2005-02-11,0.003,8,dtr,dtr,0.175842747092247,1.3082793951034546,0.05598926916718483,0.0958309517969956,281
17,2005-02-23,0.003,8,dtr,dtr,0.30980533361434937,0.8407312631607056,0.06612049043178558,0.04673588389074166,331
18,2005-03-09,0.003,8,dtr,dtr,0.4089566171169281,2.808095932006836,0.03008546493947506,0.23723600837050668,320
19,2005-03-23,0.003,8,dtr,dtr,0.12715069949626923,1.157148838043213,0.10663802921772003,0.14278762087161906,281
0,2004-06-30,0.003,9,dtr,dtr,0.3061094284057617,0.0,0.0,0.0,332
1,2004-07-14,0.003,9,dtr,dtr,0.3742227256298065,0.589765727519989,0.052268072962760925,0.01818007000112433,213
2,2004-07-31,0.003,9,dtr,dtr,0.7086683511734009,2.501310348510742,0.05458686128258705,0.34152561580447016,195
3,2004-08-11,0.003,9,dtr,dtr,0.5446205139160156,1.4069782495498657,0.007727573160082102,0.015297409510399327,220
4,2004-08-25,0.003,9,dtr,dtr,0.3678850829601288,1.578414797782898,0.11202441900968552,0.2790968840288078,166
5,2004-09-08,0.003,9,dtr,dtr,0.35474979877471924,1.030644178390503,0.17892010509967804,0.1900538420645561,237
6,2004-09-22,0.003,9,dtr,dtr,0.18627779185771942,1.0603092908859253,0.041057173162698746,0.046158764745229966,201
7,2004-10-07,0.003,9,dtr,dtr,0.16070057451725006,2.3673222064971924,0.008574037812650204,0.048050746427658865,116
8,2004-10-20,0.003,9,dtr,dtr,0.2512136995792389,0.7426848411560059,0.17089706659317017,0.09426353614324376,322
9,2004-11-03,0.003,9,dtr,dtr,0.19493980705738068,4.305335521697998,0.03376782685518265,0.6259175330145599,305
10,2004-11-17,0.003,9,dtr,dtr,0.7806749939918518,1.8594954013824463,0.21923620998859406,0.7580581181052742,328
11,2004-12-01,0.003,9,dtr,dtr,0.24138548970222473,1.149946928024292,0.21747566759586334,0.28758502472237896,307
12,2004-12-17,0.003,9,dtr,dtr,0.8699599504470825,1.5976122617721558,0.01049718540161848,0.026792647976903547,237
13,2005-01-01,0.003,9,dtr,dtr,0.23954199254512787,1.4250354766845703,0.041500747203826904,0.08427665092341989,224
14,2005-01-12,0.003,9,dtr,dtr,0.7770629525184631,1.3407779932022095,0.008892209269106388,0.01598539679584086,279
15,2005-01-26,0.003,9,dtr,dtr,0.2386569231748581,2.018606662750244,0.07204826176166534,0.29358030155733345,296
16,2005-02-11,0.003,9,dtr,dtr,0.1657470315694809,1.3082793951034546,0.04226483032107353,0.07234027122434479,281
17,2005-02-23,0.003,9,dtr,dtr,0.28733986616134644,0.8407312631607056,0.055955905467271805,0.03955125988694378,331
18,2005-03-09,0.003,9,dtr,dtr,0.3934548795223236,2.808095932006836,0.03375348076224327,0.2661597904753869,320
19,2005-03-23,0.003,9,dtr,dtr,0.13829615712165833,1.157148838043213,0.15003961324691772,0.20090205688521154,281
0,2004-06-30,0.08,0,isotropic,isotropic,0.1534252166748047,0.0,0.0,0.0,332
1,2004-07-14,0.08,0,isotropic,isotropic,0.20737016201019287,0.589765727519989,0.0236702561378479,0.00823307401895627,213
2,2004-07-31,0.08,0,isotropic,isotropic,0.13588525354862213,2.501310348510742,0.015365107916295528,0.09613261909031802,195
3,2004-08-11,0.08,0,isotropic,isotropic,0.07910510152578354,1.4069782495498657,0.011078479699790478,0.021930823197607897,220
4,2004-08-25,0.08,0,isotropic,isotropic,0.1541299968957901,1.578414797782898,0.09519083797931671,0.23715781347476922,166
5,2004-09-08,0.08,0,isotropic,isotropic,0.3005031943321228,1.030644178390503,0.07104642689228058,0.07546746291208625,237
6,2004-09-22,0.08,0,isotropic,isotropic,0.2133038341999054,1.0603092908859253,0.021297626197338104,0.023943979615428487,201
7,2004-10-07,0.08,0,isotropic,isotropic,0.16345295310020447,2.3673222064971924,0.007768626324832439,0.04353704774604638,116
8,2004-10-20,0.08,0,isotropic,isotropic,0.3079957365989685,0.7426848411560059,0.16138900816440582,0.08901907392268672,322
9,2004-11-03,0.08,0,isotropic,isotropic,0.2426612675189972,4.305335521697998,0.03654450178146362,0.677385740527429,305
10,2004-11-17,0.08,0,isotropic,isotropic,0.9363947510719299,1.8594954013824463,0.16590960323810577,0.5736694755524847,328
11,2004-12-01,0.08,0,isotropic,isotropic,0.31448403000831604,1.149946928024292,0.1564384400844574,0.20687074170901332,307
12,2004-12-17,0.08,0,isotropic,isotropic,1.0399456024169922,1.5976122617721558,0.011156321503221989,0.028475003852642244,237
13,2005-01-01,0.08,0,isotropic,isotropic,0.27211812138557434,1.4250354766845703,0.06923432648181915,0.1405959544817138,224
14,2005-01-12,0.08,0,isotropic,isotropic,0.7548614144325256,1.3407779932022095,0.025241421535611153,0.0453761407010134,279
15,2005-01-26,0.08,0,isotropic,isotropic,0.30032873153686523,2.018606662750244,0.07889800518751144,0.3214914501593976,296
16,2005-02-11,0.08,0,isotropic,isotropic,0.22113704681396484,1.3082793951034546,0.07125235348939896,0.1219551702358541,281
17,2005-02-23,0.08,0,isotropic,isotropic,0.3648104667663574,0.8407312631607056,0.10001586377620697,0.0706941186635541,331
18,2005-03-09,0.08,0,isotropic,isotropic,0.5784610509872437,2.808095932006836,0.046588171273469925,0.36736649449939845,320
19,2005-03-23,0.08,0,isotropic,isotropic,0.2946963608264923,1.157148838043213,0.0899718701839447,0.12047174336564784,281
0,2004-06-30,0.08,1,isotropic,isotropic,0.17096753418445587,0.0,0.0,0.0,332
1,2004-07-14,0.08,1,isotropic,isotropic,0.2555268406867981,0.589765727519989,0.04878408461809158,0.016968256586187135,213
2,2004-07-31,0.08,1,isotropic,isotropic,0.4388136565685272,2.501310348510742,0.0318598672747612,0.19933296281925042,195
3,2004-08-11,0.08,1,isotropic,isotropic,0.36722230911254883,1.4069782495498657,0.008000980131328106,0.015838642613665563,220
4,2004-08-25,0.08,1,isotropic,isotropic,0.3105314373970032,1.578414797782898,0.09950224310159683,0.2478992191973036,166
5,2004-09-08,0.08,1,isotropic,isotropic,0.4455006420612335,1.030644178390503,0.1010468453168869,0.10733473004768436,237
6,2004-09-22,0.08,1,isotropic,isotropic,0.2915145456790924,1.0603092908859253,0.019498102366924286,0.02192085452563366,201
7,2004-10-07,0.08,1,isotropic,isotropic,0.21256393194198608,2.3673222064971924,0.005667941179126501,0.03176435774090799,116
8,2004-10-20,0.08,1,isotropic,isotropic,0.3875695765018463,0.7426848411560059,0.16534380614757538,0.09120046445242112,322
9,2004-11-03,0.08,1,isotropic,isotropic,0.3452896773815155,4.305335521697998,0.023778824135661125,0.4407622381152955,305
10,2004-11-17,0.08,1,isotropic,isotropic,1.0817111730575562,1.8594954013824463,0.16309912502765656,0.5639516199879324,328
11,2004-12-01,0.08,1,isotropic,isotropic,0.4895424246788025,1.149946928024292,0.16523584723472595,0.21850423882973186,307
12,2004-12-17,0.08,1,isotropic,isotropic,1.2229650020599365,1.5976122617721558,0.0032203253358602524,0.008219445479309568,237
13,2005-01-01,0.08,1,isotropic,isotropic,0.25247621536254883,1.4250354766845703,0.049473464488983154,0.10046705608051716,224
14,2005-01-12,0.08,1,isotropic,isotropic,0.7020719051361084,1.3407779932022095,0.004304873291403055,0.007738808842249704,279
15,2005-01-26,0.08,1,isotropic,isotropic,0.2883152365684509,2.018606662750244,0.04511426389217377,0.18383037805706742,296
16,2005-02-11,0.08,1,isotropic,isotropic,0.19533132016658783,1.3082793951034546,0.033078309148550034,0.05661666774173046,281
17,2005-02-23,0.08,1,isotropic,isotropic,0.35368984937667847,0.8407312631607056,0.04852796345949173,0.03430097464320505,331
18,2005-03-09,0.08,1,isotropic,isotropic,0.4002487063407898,2.808095932006836,0.028497451916337013,0.22471388608961285,320
19,2005-03-23,0.08,1,isotropic,isotropic,0.1550707221031189,1.157148838043213,0.10875989496707916,0.14562878517653496,281
0,2004-06-30,0.08,2,isotropic,isotropic,0.15573625266551971,0.0,0.0,0.0,332
1,2004-07-14,0.08,2,isotropic,isotropic,0.21961238980293274,0.589765727519989,0.04383009299635887,0.015245141319774856,213
2,2004-07-31,0.08,2,isotropic,isotropic,0.3362663984298706,2.501310348510742,0.030640678480267525,0.19170504294919577,195
3,2004-08-11,0.08,2,isotropic,isotropic,0.24896155297756195,1.4069782495498657,0.00613283971324563,0.012140494643231773,220
4,2004-08-25,0.08,2,isotropic,isotropic,0.26424235105514526,1.578414797782898,0.07595163583755493,0.1892253946643505,166
5,2004-09-08,0.08,2,isotropic,isotropic,0.40186986327171326,1.030644178390503,0.09687711298465729,0.10290552602011269,237
6,2004-09-22,0.08,2,isotropic,isotropic,0.2565148174762726,1.0603092908859253,0.01608247123658657,0.018080811442858034,201
7,2004-10-07,0.08,2,isotropic,isotropic,0.22862395644187927,2.3673222064971924,0.007287931628525257,0.04084313159287776,116
8,2004-10-20,0.08,2,isotropic,isotropic,0.41138651967048645,0.7426848411560059,0.15058913826942444,0.08306207333465794,322
9,2004-11-03,0.08,2,isotropic,isotropic,0.3336274325847626,4.305335521697998,0.02156052179634571,0.3996439768289128,305
10,2004-11-17,0.08,2,isotropic,isotropic,1.15032160282135,1.8594954013824463,0.15997517108917236,0.553149852142292,328
11,2004-12-01,0.08,2,isotropic,isotropic,0.46707651019096375,1.149946928024292,0.14426378905773163,0.1907712517972791,307
12,2004-12-17,0.08,2,isotropic,isotropic,1.163557529449463,1.5976122617721558,0.0042749689891934395,0.010911280963178883,237
13,2005-01-01,0.08,2,isotropic,isotropic,0.24652084708213806,1.4250354766845703,0.03221071884036064,0.06541114776485701,224
14,2005-01-12,0.08,2,isotropic,isotropic,0.6939821839332581,1.3407779932022095,0.003924419172108173,0.007054871940239296,279
15,2005-01-26,0.08,2,isotropic,isotropic,0.27715328335762024,2.018606662750244,0.043471988290548325,0.17713847800873092,296
16,2005-02-11,0.08,2,isotropic,isotropic,0.20079027116298676,1.3082793951034546,0.033308763056993484,0.0570111114935417,281
17,2005-02-23,0.08,2,isotropic,isotropic,0.38188520073890686,0.8407312631607056,0.05265914276242256,0.03722101221359783,331
18,2005-03-09,0.08,2,isotropic,isotropic,0.4139572083950043,2.808095932006836,0.024053841829299927,0.18967423083002583,320
19,2005-03-23,0.08,2,isotropic,isotropic,0.164155974984169,1.157148838043213,0.09832844883203506,0.13166114730100412,281
0,2004-06-30,0.08,3,isotropic,isotropic,0.16536438465118408,0.0,0.0,0.0,332
1,2004-07-14,0.08,3,isotropic,isotropic,0.23285016417503357,0.589765727519989,0.02952384762465954,0.010269091361015933,213
2,2004-07-31,0.08,3,isotropic,isotropic,0.2531976103782654,2.501310348510742,0.028133172541856766,0.17601669799534733,195
3,2004-08-11,0.08,3,isotropic,isotropic,0.15753842890262604,1.4069782495498657,0.005570958834141493,0.011028202112878319,220
4,2004-08-25,0.08,3,isotropic,isotropic,0.2302677184343338,1.578414797782898,0.0638679563999176,0.15912019698994015,166
5,2004-09-08,0.08,3,isotropic,isotropic,0.43217694759368896,1.030644178390503,0.0744536817073822,0.0790867424119628,237
6,2004-09-22,0.08,3,isotropic,isotropic,0.31289371848106384,1.0603092908859253,0.012136354111135006,0.013644366407320934,201
7,2004-10-07,0.08,3,isotropic,isotropic,0.22579488158226013,2.3673222064971924,0.005899523850530386,0.03306219668958279,116
8,2004-10-20,0.08,3,isotropic,isotropic,0.4809381663799286,0.7426848411560059,0.11551418900489807,0.06371540569647124,322
9,2004-11-03,0.08,3,isotropic,isotropic,0.37277308106422424,4.305335521697998,0.022566702216863632,0.41829445052622954,305
10,2004-11-17,0.08,3,isotropic,isotropic,1.1912487745285034,1.8594954013824463,0.1595679372549057,0.551741750286996,328
11,2004-12-01,0.08,3,isotropic,isotropic,0.5164462924003601,1.149946928024292,0.15030395984649658,0.19875864038569974,307
12,2004-12-17,0.08,3,isotropic,isotropic,1.1809532642364502,1.5976122617721558,0.0018695362377911806,0.004771738745462262,237
13,2005-01-01,0.08,3,isotropic,isotropic,0.23594258725643158,1.4250354766845703,0.03622273728251457,0.07355845836837673,224
14,2005-01-12,0.08,3,isotropic,isotropic,0.6620703935623169,1.3407779932022095,0.0022841114550828934,0.004106114333394985,279
15,2005-01-26,0.08,3,isotropic,isotropic,0.24545122683048248,2.018606662750244,0.045092422515153885,0.1837413794067858,296
16,2005-02-11,0.08,3,isotropic,isotropic,0.17948664724826813,1.3082793951034546,0.02521456964313984,0.043157130714432175,281
17,2005-02-23,0.08,3,isotropic,isotropic,0.3447769284248352,0.8407312631607056,0.05050172656774521,0.03569608775946862,331
18,2005-03-09,0.08,3,isotropic,isotropic,0.42274150252342224,2.808095932006836,0.02604277804493904,0.20535779396096002,320
19,2005-03-23,0.08,3,isotropic,isotropic,0.15616966784000397,1.157148838043213,0.09226476401090622,0.12354191314339776,281
0,2004-06-30,0.08,4,isotropic,isotropic,0.13971559703350067,0.0,0.0,0.0,332
1,2004-07-14,0.08,4,isotropic,isotropic,0.19121401011943817,0.589765727519989,0.03195687010884285,0.01111535403284384,213
2,2004-07-31,0.08,4,isotropic,isotropic,0.16355441510677338,2.501310348510742,0.014258919283747673,0.08921169077441712,195
3,2004-08-11,0.08,4,isotropic,isotropic,0.10242638736963272,1.4069782495498657,0.011263342574238777,0.022296775487560094,220
4,2004-08-25,0.08,4,isotropic,isotropic,0.20927268266677856,1.578414797782898,0.064743772149086,0.16130219845655897,166
5,2004-09-08,0.08,4,isotropic,isotropic,0.35292747616767883,1.030644178390503,0.08733389526605606,0.0927684584610015,237
6,2004-09-22,0.08,4,isotropic,isotropic,0.2511051893234253,1.0603092908859253,0.011655283160507679,0.013103519604552125,201
7,2004-10-07,0.08,4,isotropic,isotropic,0.170813649892807,2.3673222064971924,0.008722243830561638,0.0488813247317583,116
8,2004-10-20,0.08,4,isotropic,isotropic,0.35515299439430237,0.7426848411560059,0.14016905426979065,0.07731455534446693,322
9,2004-11-03,0.08,4,isotropic,isotropic,0.29314425587654114,4.305335521697998,0.019055010750889778,0.35320203967855646,305
10,2004-11-17,0.08,4,isotropic,isotropic,1.1222690343856812,1.8594954013824463,0.1611708104610443,0.5572840420747898,328
11,2004-12-01,0.08,4,isotropic,isotropic,0.43222156167030334,1.149946928024292,0.155108243227005,0.20511171873248907,307
12,2004-12-17,0.08,4,isotropic,isotropic,1.0093978643417358,1.5976122617721558,0.0012310403399169445,0.003142064202055249,237
13,2005-01-01,0.08,4,isotropic,isotropic,0.21260561048984528,1.4250354766845703,0.038116704672575,0.07740458739850041,224
14,2005-01-12,0.08,4,isotropic,isotropic,0.7143071889877319,1.3407779932022095,0.0007721573347225785,0.0013880961424561418,279
15,2005-01-26,0.08,4,isotropic,isotropic,0.22921469807624817,2.018606662750244,0.04516995698213577,0.18405731474847284,296
16,2005-02-11,0.08,4,isotropic,isotropic,0.16172391176223755,1.3082793951034546,0.027493732050061226,0.04705813363881433,281
17,2005-02-23,0.08,4,isotropic,isotropic,0.2805755138397217,0.8407312631607056,0.04465030878782272,0.031560135648816774,331
18,2005-03-09,0.08,4,isotropic,isotropic,0.4468506872653961,2.808095932006836,0.019450966268777847,0.15337870316571345,320
19,2005-03-23,0.08,4,isotropic,isotropic,0.15952400863170624,1.157148838043213,0.09555374085903168,0.12794583154559225,281
0,2004-06-30,0.08,5,isotropic,isotropic,0.21074658632278442,0.0,0.0,0.0,332
1,2004-07-14,0.08,5,isotropic,isotropic,0.2556636929512024,0.589765727519989,0.03073626570403576,0.010690798998284144,213
2,2004-07-31,0.08,5,isotropic,isotropic,0.3273230195045471,2.501310348510742,0.01700218953192234,0.10637510773616136,195
3,2004-08-11,0.08,5,isotropic,isotropic,0.18391022086143494,1.4069782495498657,0.0050772614777088165,0.010050884851805376,220
4,2004-08-25,0.08,5,isotropic,isotropic,0.2665494382381439,1.578414797782898,0.07656139880418777,0.1907445540180685,166
5,2004-09-08,0.08,5,isotropic,isotropic,0.5285736322402954,1.030644178390503,0.06516049802303314,0.06921526786058012,237
6,2004-09-22,0.08,5,isotropic,isotropic,0.36073270440101624,1.0603092908859253,0.017440732568502426,0.01960784461277454,201
7,2004-10-07,0.08,5,isotropic,isotropic,0.26964718103408813,2.3673222064971924,0.005792276468127966,0.032461159361610474,116
8,2004-10-20,0.08,5,isotropic,isotropic,0.572030782699585,0.7426848411560059,0.12281853705644608,0.06774434364307169,322
9,2004-11-03,0.08,5,isotropic,isotropic,0.35794106125831604,4.305335521697998,0.016896622255444527,0.31319433624682813,305
10,2004-11-17,0.08,5,isotropic,isotropic,1.2338742017745972,1.8594954013824463,0.15669266879558563,0.5417998679791738,328
11,2004-12-01,0.08,5,isotropic,isotropic,0.4775944948196411,1.149946928024292,0.15065521001815796,0.19922312586316793,307
12,2004-12-17,0.08,5,isotropic,isotropic,1.1403930187225342,1.5976122617721558,0.0029853088781237602,0.0076195977125032574,237
13,2005-01-01,0.08,5,isotropic,isotropic,0.2378801554441452,1.4250354766845703,0.048424892127513885,0.09833769280805679,224
14,2005-01-12,0.08,5,isotropic,isotropic,0.7485553026199341,1.3407779932022095,0.002406593644991517,0.004326298805763982,279
15,2005-01-26,0.08,5,isotropic,isotropic,0.28718501329421997,2.018606662750244,0.030258677899837494,0.12329723945244532,296
16,2005-02-11,0.08,5,isotropic,isotropic,0.2054511308670044,1.3082793951034546,0.02304796688258648,0.03944878431523472,281
17,2005-02-23,0.08,5,isotropic,isotropic,0.3200835585594177,0.8407312631607056,0.03609376773238182,0.02551212380465159,331
18,2005-03-09,0.08,5,isotropic,isotropic,0.48446473479270935,2.808095932006836,0.02637971006333828,0.2080146386299076,320
19,2005-03-23,0.08,5,isotropic,isotropic,0.177193284034729,1.157148838043213,0.09279731661081314,0.1242549975776051,281
0,2004-06-30,0.08,6,isotropic,isotropic,0.19368073344230652,0.0,0.0,0.0,332
1,2004-07-14,0.08,6,isotropic,isotropic,0.2755415737628937,0.589765727519989,0.046782735735177994,0.016272140186143768,213
2,2004-07-31,0.08,6,isotropic,isotropic,0.3796961009502411,2.501310348510742,0.023144181817770004,0.14480281082081498,195
3,2004-08-11,0.08,6,isotropic,isotropic,0.27044808864593506,1.4069782495498657,0.0062837786972522736,0.01243929161371671,220
4,2004-08-25,0.08,6,isotropic,isotropic,0.3322814702987671,1.578414797782898,0.08960114419460297,0.2232316879765962,166
5,2004-09-08,0.08,6,isotropic,isotropic,0.5389694571495056,1.030644178390503,0.08774978667497635,0.09321022972031809,237
6,2004-09-22,0.08,6,isotropic,isotropic,0.3606412410736084,1.0603092908859253,0.01646120660007,0.0185066068690179,201
7,2004-10-07,0.08,6,isotropic,isotropic,0.30971693992614746,2.3673222064971924,0.005083974450826645,0.02849168297589518,116
8,2004-10-20,0.08,6,isotropic,isotropic,0.5840250253677368,0.7426848411560059,0.13966497778892517,0.07703651644935743,322
9,2004-11-03,0.08,6,isotropic,isotropic,0.398883581161499,4.305335521697998,0.019789624959230423,0.36681878543403434,305
10,2004-11-17,0.08,6,isotropic,isotropic,1.2043408155441284,1.8594954013824463,0.15720702707767487,0.543578376517397,328
11,2004-12-01,0.08,6,isotropic,isotropic,0.523140549659729,1.149946928024292,0.1467023342847824,0.19399593020457223,307
12,2004-12-17,0.08,6,isotropic,isotropic,1.223889946937561,1.5976122617721558,0.0024169208481907845,0.006168864033175086,237
13,2005-01-01,0.08,6,isotropic,isotropic,0.23763243854045868,1.4250354766845703,0.038379669189453125,0.0779385963088783,224
14,2005-01-12,0.08,6,isotropic,isotropic,0.7081159353256226,1.3407779932022095,0.0035682078450918198,0.006414515957467686,279
15,2005-01-26,0.08,6,isotropic,isotropic,0.28211602568626404,2.018606662750244,0.045983314514160156,0.18737156194454743,296
16,2005-02-11,0.08,6,isotropic,isotropic,0.1919926255941391,1.3082793951034546,0.028737597167491913,0.049187126924197806,281
17,2005-02-23,0.08,6,isotropic,isotropic,0.3528636693954468,0.8407312631607056,0.058132193982601166,0.04108952384568013,331
18,2005-03-09,0.08,6,isotropic,isotropic,0.4854331612586975,2.808095932006836,0.02193567529320717,0.1729716345730774,320
19,2005-03-23,0.08,6,isotropic,isotropic,0.1613777130842209,1.157148838043213,0.10250910371541977,0.13725901673710414,281
0,2004-06-30,0.08,7,isotropic,isotropic,0.1561899334192276,0.0,0.0,0.0,332
1,2004-07-14,0.08,7,isotropic,isotropic,0.22356167435646057,0.589765727519989,0.041254349052906036,0.014349236754280214,213
2,2004-07-31,0.08,7,isotropic,isotropic,0.2620530426502228,2.501310348510742,0.024939080700278282,0.15603269163374495,195
3,2004-08-11,0.08,7,isotropic,isotropic,0.17907586693763733,1.4069782495498657,0.007872913964092731,0.015585124392091585,220
4,2004-08-25,0.08,7,isotropic,isotropic,0.233994722366333,1.578414797782898,0.07508336007595062,0.18706217827203384,166
5,2004-09-08,0.08,7,isotropic,isotropic,0.45177504420280457,1.030644178390503,0.0752934068441391,0.07997872147954674,237
6,2004-09-22,0.08,7,isotropic,isotropic,0.29398417472839355,1.0603092908859253,0.016274048015475273,0.01829619274620131,201
7,2004-10-07,0.08,7,isotropic,isotropic,0.25340691208839417,2.3673222064971924,0.007221141364425421,0.040468824631067705,116
8,2004-10-20,0.08,7,isotropic,isotropic,0.4746468961238861,0.7426848411560059,0.1486324518918991,0.08198280274947037,322
9,2004-11-03,0.08,7,isotropic,isotropic,0.35125380754470825,4.305335521697998,0.024376217275857925,0.451835465958929,305
10,2004-11-17,0.08,7,isotropic,isotropic,1.0368540287017822,1.8594954013824463,0.17993223667144775,0.6221558597675392,328
11,2004-12-01,0.08,7,isotropic,isotropic,0.47236767411231995,1.149946928024292,0.1644052118062973,0.21740582486526092,307
12,2004-12-17,0.08,7,isotropic,isotropic,1.2860668897628784,1.5976122617721558,0.007955383509397507,0.02030504194540449,237
13,2005-01-01,0.08,7,isotropic,isotropic,0.2563645839691162,1.4250354766845703,0.05579093471169472,0.11329610780972234,224
14,2005-01-12,0.08,7,isotropic,isotropic,0.6915208697319031,1.3407779932022095,0.008595761843025684,0.015452477518798028,279
15,2005-01-26,0.08,7,isotropic,isotropic,0.35989752411842346,2.018606662750244,0.0561792254447937,0.22891758307645155,296
16,2005-02-11,0.08,7,isotropic,isotropic,0.22536244988441467,1.3082793951034546,0.04688448831439018,0.08024725463493738,281
17,2005-02-23,0.08,7,isotropic,isotropic,0.4407109022140503,0.8407312631607056,0.06549324095249176,0.04629252573287912,331
18,2005-03-09,0.08,7,isotropic,isotropic,0.40138888359069824,2.808095932006836,0.0384453609585762,0.3031571555408734,320
19,2005-03-23,0.08,7,isotropic,isotropic,0.14299048483371735,1.157148838043213,0.11080073565244675,0.1483614574528266,281
0,2004-06-30,0.08,8,isotropic,isotropic,0.15819910168647766,0.0,0.0,0.0,332
1,2004-07-14,0.08,8,isotropic,isotropic,0.21688000857830048,0.589765727519989,0.045001279562711716,0.015652507663199092,213
2,2004-07-31,0.08,8,isotropic,isotropic,0.3601268529891968,2.501310348510742,0.02743769995868206,0.17166543659905167,195
3,2004-08-11,0.08,8,isotropic,isotropic,0.2505502998828888,1.4069782495498657,0.0045636617578566074,0.009034169115021314,220
4,2004-08-25,0.08,8,isotropic,isotropic,0.253981351852417,1.578414797782898,0.08821547031402588,0.21977942939076292,166
5,2004-09-08,0.08,8,isotropic,isotropic,0.3777662515640259,1.030644178390503,0.10386418551206589,0.11032738606137477,237
6,2004-09-22,0.08,8,isotropic,isotropic,0.2319587767124176,1.0603092908859253,0.017391450703144073,0.019552439190188137,201
7,2004-10-07,0.08,8,isotropic,isotropic,0.18114393949508667,2.3673222064971924,0.00595950148999691,0.03339832424212092,116
8,2004-10-20,0.08,8,isotropic,isotropic,0.36203017830848694,0.7426848411560059,0.15396487712860107,0.0849240659850038,322
9,2004-11-03,0.08,8,isotropic,isotropic,0.3357030153274536,4.305335521697998,0.027763819321990013,0.5146277659977644,305
10,2004-11-17,0.08,8,isotropic,isotropic,1.0641485452651978,1.8594954013824463,0.16900959610939026,0.5843883926614237,328
11,2004-12-01,0.08,8,isotropic,isotropic,0.46901559829711914,1.149946928024292,0.15661215782165527,0.20710046221199668,307
12,2004-12-17,0.08,8,isotropic,isotropic,1.1841654777526855,1.5976122617721558,0.0074565294198691845,0.019031784257633223,237
13,2005-01-01,0.08,8,isotropic,isotropic,0.23270352184772491,1.4250354766845703,0.039266712963581085,0.07973993926154402,224
14,2005-01-12,0.08,8,isotropic,isotropic,0.6953173875808716,1.3407779932022095,0.008669812232255936,0.015585596839195104,279
15,2005-01-26,0.08,8,isotropic,isotropic,0.3276338279247284,2.018606662750244,0.06464898586273193,0.26342993294884903,296
16,2005-02-11,0.08,8,isotropic,isotropic,0.22387519478797913,1.3082793951034546,0.04529857262969017,0.07753280931719672,281
17,2005-02-23,0.08,8,isotropic,isotropic,0.3986557722091675,0.8407312631607056,0.06733591109514236,0.047594978531905176,331
18,2005-03-09,0.08,8,isotropic,isotropic,0.4290562570095062,2.808095932006836,0.03237573429942131,0.2552957047102503,320
19,2005-03-23,0.08,8,isotropic,isotropic,0.15426596999168396,1.157148838043213,0.09186279773712158,0.12300368294235799,281
0,2004-06-30,0.08,9,isotropic,isotropic,0.18625611066818237,0.0,0.0,0.0,332
1,2004-07-14,0.08,9,isotropic,isotropic,0.27222374081611633,0.589765727519989,0.042769014835357666,0.014876073279761023,213
2,2004-07-31,0.08,9,isotropic,isotropic,0.3086387813091278,2.501310348510742,0.03131446987390518,0.19592065482408588,195
3,2004-08-11,0.08,9,isotropic,isotropic,0.1919587254524231,1.4069782495498657,0.0038714022375643253,0.007663780617881402,220
4,2004-08-25,0.08,9,isotropic,isotropic,0.20817328989505768,1.578414797782898,0.1029748022556305,0.2565507297167441,166
5,2004-09-08,0.08,9,isotropic,isotropic,0.3932236433029175,1.030644178390503,0.07819409668445587,0.08305991377195401,237
6,2004-09-22,0.08,9,isotropic,isotropic,0.26141980290412903,1.0603092908859253,0.023227224126458168,0.026113341264127083,201
7,2004-10-07,0.08,9,isotropic,isotropic,0.22993068397045135,2.3673222064971924,0.001973099773749709,0.011057674222644146,116
8,2004-10-20,0.08,9,isotropic,isotropic,0.46587517857551575,0.7426848411560059,0.14680278301239014,0.0809735925740591,322
9,2004-11-03,0.08,9,isotropic,isotropic,0.27556177973747253,4.305335521697998,0.01750170812010765,0.3244101557692442,305
10,2004-11-17,0.08,9,isotropic,isotropic,1.0595144033432007,1.8594954013824463,0.1542513370513916,0.5333584186959067,328
11,2004-12-01,0.08,9,isotropic,isotropic,0.3572066128253937,1.149946928024292,0.14305458962917328,0.18917223315119103,307
12,2004-12-17,0.08,9,isotropic,isotropic,0.9238355755805969,1.5976122617721558,0.0023594165686517954,0.006022092126239343,237
13,2005-01-01,0.08,9,isotropic,isotropic,0.20822228491306305,1.4250354766845703,0.0346207395195961,0.07030523968336158,224
14,2005-01-12,0.08,9,isotropic,isotropic,0.790159285068512,1.3407779932022095,0.002276149345561862,0.004091800963547987,279
15,2005-01-26,0.08,9,isotropic,isotropic,0.27438411116600037,2.018606662750244,0.04065432772040367,0.16565715119191368,296
16,2005-02-11,0.08,9,isotropic,isotropic,0.20057277381420135,1.3082793951034546,0.023528583347797394,0.040271405042305475,281
17,2005-02-23,0.08,9,isotropic,isotropic,0.2651749849319458,0.8407312631607056,0.03883730620145798,0.02745133651319628,331
18,2005-03-09,0.08,9,isotropic,isotropic,0.5241133570671082,2.808095932006836,0.019642168655991554,0.15488641099820818,320
19,2005-03-23,0.08,9,isotropic,isotropic,0.20570412278175354,1.157148838043213,0.0837414339184761,0.11212923011906313,281
0,2004-06-30,0.0,0,standard,standard,0.4284462034702301,0.0,0.0,0.0,332
1,2004-07-14,0.0,0,standard,standard,0.630068302154541,0.589765727519989,0.09765595197677612,0.03396704608239771,213
2,2004-07-31,0.0,0,standard,standard,1.247114896774292,2.501310348510742,0.05431276559829712,0.3398107215026736,195
3,2004-08-11,0.0,0,standard,standard,0.979642391204834,1.4069782495498657,0.00453924760222435,0.008985839150513633,220
4,2004-08-25,0.0,0,standard,standard,0.6128724813461304,1.578414797782898,0.1588819921016693,0.3958375264595808,166
5,2004-09-08,0.0,0,standard,standard,0.6492409110069275,1.030644178390503,0.15608534216880798,0.16579813069423585,237
6,2004-09-22,0.0,0,standard,standard,0.30607205629348755,1.0603092908859253,0.062101732939481735,0.06981823297150287,201
7,2004-10-07,0.0,0,standard,standard,0.25582101941108704,2.3673222064971924,0.006482311058789492,0.036328261171363486,116
8,2004-10-20,0.0,0,standard,standard,0.37216389179229736,0.7426848411560059,0.24846212565898895,0.13704693140250357,322
9,2004-11-03,0.0,0,standard,standard,0.20474058389663696,4.305335521697998,0.03277820348739624,0.6075739594220129,305
10,2004-11-17,0.0,0,standard,standard,0.8147985935211182,1.8594954013824463,0.2596268057823181,0.8977176161331512,328
11,2004-12-01,0.0,0,standard,standard,0.27512696385383606,1.149946928024292,0.2587375342845917,0.3421488068822327,307
12,2004-12-17,0.0,0,standard,standard,0.68138587474823,1.5976122617721558,0.005211786366999149,0.013302380792503064,237
13,2005-01-01,0.0,0,standard,standard,0.2545008063316345,1.4250354766845703,0.047945208847522736,0.09736358744693964,224
14,2005-01-12,0.0,0,standard,standard,0.7572571039199829,1.3407779932022095,0.0031263974960893393,0.0056202798431816215,279
15,2005-01-26,0.0,0,standard,standard,0.15612012147903442,2.018606662750244,0.053825318813323975,0.21932594822215476,296
16,2005-02-11,0.0,0,standard,standard,0.15576256811618805,1.3082793951034546,0.04026361554861069,0.0689150020745963,281
17,2005-02-23,0.0,0,standard,standard,0.2130512148141861,0.8407312631607056,0.05200686305761337,0.036759961965041374,331
18,2005-03-09,0.0,0,standard,standard,0.39944952726364136,2.808095932006836,0.020507359877228737,0.16170879224498091,320
19,2005-03-23,0.0,0,standard,standard,0.15107622742652893,1.157148838043213,0.1599130630493164,0.21412254133547742,281
0,2004-06-30,0.0,1,standard,standard,0.3633093535900116,0.0,0.0,0.0,332
1,2004-07-14,0.0,1,standard,standard,0.46581074595451355,0.589765727519989,0.06492885202169418,0.02258378792131944,213
2,2004-07-31,0.0,1,standard,standard,1.1517995595932007,2.501310348510742,0.058177318423986435,0.36398950285391923,195
3,2004-08-11,0.0,1,standard,standard,0.9711520671844482,1.4069782495498657,0.007894289679825306,0.015627439498058903,220
4,2004-08-25,0.0,1,standard,standard,0.44631636142730713,1.578414797782898,0.17478039860725403,0.43544670949268705,166
5,2004-09-08,0.0,1,standard,standard,0.4142194390296936,1.030644178390503,0.16940158605575562,0.17994301011498692,237
6,2004-09-22,0.0,1,standard,standard,0.24140194058418274,1.0603092908859253,0.054374054074287415,0.06113034524597238,201
7,2004-10-07,0.0,1,standard,standard,0.19944420456886292,2.3673222064971924,0.005534748081117868,0.03101791505915489,116
8,2004-10-20,0.0,1,standard,standard,0.26728948950767517,0.7426848411560059,0.2417249083518982,0.13333081187048337,322
9,2004-11-03,0.0,1,standard,standard,0.2477637678384781,4.305335521697998,0.04265890643000603,0.7907218189751611,305
10,2004-11-17,0.0,1,standard,standard,0.9240242838859558,1.8594954013824463,0.21653863787651062,0.7487306605705648,328
11,2004-12-01,0.0,1,standard,standard,0.3176860511302948,1.149946928024292,0.23048661649227142,0.3047904164859691,307
12,2004-12-17,0.0,1,standard,standard,0.808178722858429,1.5976122617721558,0.010270826518535614,0.02621489750009962,237
13,2005-01-01,0.0,1,standard,standard,0.2814019024372101,1.4250354766845703,0.06879080832004547,0.1396952905704252,224
14,2005-01-12,0.0,1,standard,standard,0.7839218974113464,1.3407779932022095,0.008678670972585678,0.015601522069359698,279
15,2005-01-26,0.0,1,standard,standard,0.20080718398094177,2.018606662750244,0.09262387454509735,0.37742125008249144,296
16,2005-02-11,0.0,1,standard,standard,0.1700272262096405,1.3082793951034546,0.0578598752617836,0.09903267178993536,281
17,2005-02-23,0.0,1,standard,standard,0.22736789286136627,0.8407312631607056,0.0769021213054657,0.0543566538725523,331
18,2005-03-09,0.0,1,standard,standard,0.4190274178981781,2.808095932006836,0.032207928597927094,0.2539724891679814,320
19,2005-03-23,0.0,1,standard,standard,0.17603157460689545,1.157148838043213,0.1397060751914978,0.18706551728537277,281
0,2004-06-30,0.0,2,standard,standard,0.46604079008102417,0.0,0.0,0.0,332
1,2004-07-14,0.0,2,standard,standard,0.6609967947006226,0.589765727519989,0.101099893450737,0.035164930250061434,213
2,2004-07-31,0.0,2,standard,standard,1.3385088443756104,2.501310348510742,0.059125710278749466,0.369923167193862,195
3,2004-08-11,0.0,2,standard,standard,1.1855578422546387,1.4069782495498657,0.006613103207200766,0.013091218394108413,220
4,2004-08-25,0.0,2,standard,standard,0.7090832591056824,1.578414797782898,0.14318974316120148,0.3567419629975621,166
5,2004-09-08,0.0,2,standard,standard,0.6270818114280701,1.030644178390503,0.2182149440050125,0.23179389751056675,237
6,2004-09-22,0.0,2,standard,standard,0.3207763731479645,1.0603092908859253,0.03562536463141441,0.04005202254105709,201
7,2004-10-07,0.0,2,standard,standard,0.3297618329524994,2.3673222064971924,0.007726798765361309,0.04330263713371274,116
8,2004-10-20,0.0,2,standard,standard,0.4298352599143982,0.7426848411560059,0.2062312364578247,0.11375318488050001,322
9,2004-11-03,0.0,2,standard,standard,0.276202529668808,4.305335521697998,0.028072353452444077,0.5203467280918548,305
10,2004-11-17,0.0,2,standard,standard,0.8668277859687805,1.8594954013824463,0.22699840366840363,0.7848976348693673,328
11,2004-12-01,0.0,2,standard,standard,0.3271600902080536,1.149946928024292,0.21362720429897308,0.2824959017661683,307
12,2004-12-17,0.0,2,standard,standard,0.9727180600166321,1.5976122617721558,0.013834422454237938,0.03531049482302349,237
13,2005-01-01,0.0,2,standard,standard,0.25448766350746155,1.4250354766845703,0.033758290112018585,0.06855384115300409,224
14,2005-01-12,0.0,2,standard,standard,0.6933012008666992,1.3407779932022095,0.004733031149953604,0.00850850207067682,279
15,2005-01-26,0.0,2,standard,standard,0.3277483582496643,2.018606662750244,0.08678077906370163,0.3536119632029408,296
16,2005-02-11,0.0,2,standard,standard,0.21294920146465302,1.3082793951034546,0.05593977868556976,0.09574624413732065,281
17,2005-02-23,0.0,2,standard,standard,0.43113142251968384,0.8407312631607056,0.07321552187204361,0.05175085827202146,331
18,2005-03-09,0.0,2,standard,standard,0.3716523051261902,2.808095932006836,0.029102925211191177,0.22948828688199252,320
19,2005-03-23,0.0,2,standard,standard,0.17984828352928162,1.157148838043213,0.16837885975837708,0.22545818753727995,281
0,2004-06-30,0.0,3,standard,standard,0.3648114502429962,0.0,0.0,0.0,332
1,2004-07-14,0.0,3,standard,standard,0.47646740078926086,0.589765727519989,0.056285206228494644,0.01957732380894917,213
2,2004-07-31,0.0,3,standard,standard,0.7094648480415344,2.501310348510742,0.03460261970758438,0.21649314004156592,195
3,2004-08-11,0.0,3,standard,standard,0.6043513417243958,1.4069782495498657,0.01153239794075489,0.02282939420721565,220
4,2004-08-25,0.0,3,standard,standard,0.45378369092941284,1.578414797782898,0.12472650408744812,0.31074277335554334,166
5,2004-09-08,0.0,3,standard,standard,0.4606291651725769,1.030644178390503,0.1610696017742157,0.17109254792771092,237
6,2004-09-22,0.0,3,standard,standard,0.24973365664482117,1.0603092908859253,0.030817829072475433,0.03464712284204416,201
7,2004-10-07,0.0,3,standard,standard,0.17565861344337463,2.3673222064971924,0.01297061052173376,0.07269008264370011,116
8,2004-10-20,0.0,3,standard,standard,0.24019896984100342,0.7426848411560059,0.16729292273521423,0.09227555968704954,322
9,2004-11-03,0.0,3,standard,standard,0.2651822865009308,4.305335521697998,0.037627384066581726,0.6974579533871162,305
10,2004-11-17,0.0,3,standard,standard,0.8547497391700745,1.8594954013824463,0.18910296261310577,0.6538656911377958,328
11,2004-12-01,0.0,3,standard,standard,0.3855343163013458,1.149946928024292,0.1877289116382599,0.2482485709386147,307
12,2004-12-17,0.0,3,standard,standard,1.4220048189163208,1.5976122617721558,0.017744382843375206,0.045290140632998396,237
13,2005-01-01,0.0,3,standard,standard,0.2971300780773163,1.4250354766845703,0.04000260308384895,0.08123433054272292,224
14,2005-01-12,0.0,3,standard,standard,0.7483320236206055,1.3407779932022095,0.015913410112261772,0.028607308636250158,279
15,2005-01-26,0.0,3,standard,standard,0.4688092768192291,2.018606662750244,0.08770602941513062,0.35738214822263104,296
16,2005-02-11,0.0,3,standard,standard,0.2779327929019928,1.3082793951034546,0.07297001034021378,0.12489510307160344,281
17,2005-02-23,0.0,3,standard,standard,0.4455472230911255,0.8407312631607056,0.07506314665079117,0.05305681315180699,331
18,2005-03-09,0.0,3,standard,standard,0.48374032974243164,2.808095932006836,0.03223832696676254,0.25421219254959787,320
19,2005-03-23,0.0,3,standard,standard,0.14974942803382874,1.157148838043213,0.124221570789814,0.16633186757230078,281
0,2004-06-30,0.0,4,standard,standard,0.29537326097488403,0.0,0.0,0.0,332
1,2004-07-14,0.0,4,standard,standard,0.3773219585418701,0.589765727519989,0.057148732244968414,0.019877678548227008,213
2,2004-07-31,0.0,4,standard,standard,0.6201625466346741,2.501310348510742,0.023996464908123016,0.1501351655382935,195
3,2004-08-11,0.0,4,standard,standard,0.5076836943626404,1.4069782495498657,0.009971904568374157,0.019740260573530514,220
4,2004-08-25,0.0,4,standard,standard,0.35353001952171326,1.578414797782898,0.11694171279668808,0.29134779669533967,166
5,2004-09-08,0.0,4,standard,standard,0.32006680965423584,1.030644178390503,0.18509650230407715,0.19661458054701383,237
6,2004-09-22,0.0,4,standard,standard,0.18669633567333221,1.0603092908859253,0.0318390354514122,0.03579522002873737,201
7,2004-10-07,0.0,4,standard,standard,0.1383359581232071,2.3673222064971924,0.016865573823451996,0.0945182921810745,116
8,2004-10-20,0.0,4,standard,standard,0.19304311275482178,0.7426848411560059,0.2035110890865326,0.11225280388999921,322
9,2004-11-03,0.0,4,standard,standard,0.2243637889623642,4.305335521697998,0.03799418732523918,0.7042569870277824,305
10,2004-11-17,0.0,4,standard,standard,0.9208356142044067,1.8594954013824463,0.1683080643415451,0.5819626900288548,328
11,2004-12-01,0.0,4,standard,standard,0.2872432768344879,1.149946928024292,0.17980438470840454,0.23776935136325214,307
12,2004-12-17,0.0,4,standard,standard,1.0829088687896729,1.5976122617721558,0.012033575214445591,0.030714075467746068,237
13,2005-01-01,0.0,4,standard,standard,0.25777485966682434,1.4250354766845703,0.04096708074212074,0.08319292050570348,224
14,2005-01-12,0.0,4,standard,standard,0.701118528842926,1.3407779932022095,0.0054144239984452724,0.009733432200788593,279
15,2005-01-26,0.0,4,standard,standard,0.2854226231575012,2.018606662750244,0.08361777663230896,0.34072344674286825,296
16,2005-02-11,0.0,4,standard,standard,0.20760008692741394,1.3082793951034546,0.05287965014576912,0.09050854350374778,281
17,2005-02-23,0.0,4,standard,standard,0.3332708179950714,0.8407312631607056,0.05030671879649162,0.0355582506004339,331
18,2005-03-09,0.0,4,standard,standard,0.41895443201065063,2.808095932006836,0.02149481326341629,0.16949525990510686,320
19,2005-03-23,0.0,4,standard,standard,0.15059009194374084,1.157148838043213,0.1113496795296669,0.14909648969972117,281
0,2004-06-30,0.0,5,standard,standard,0.3448408842086792,0.0,0.0,0.0,332
1,2004-07-14,0.0,5,standard,standard,0.41056394577026367,0.589765727519989,0.045394718647003174,0.01578935506713329,213
2,2004-07-31,0.0,5,standard,standard,0.6465007662773132,2.501310348510742,0.023410670459270477,0.14647011125273005,195
3,2004-08-11,0.0,5,standard,standard,0.5146769285202026,1.4069782495498657,0.015241799876093864,0.030172481004073,220
4,2004-08-25,0.0,5,standard,standard,0.34836867451667786,1.578414797782898,0.12778548896312714,0.3183639076996496,166
5,2004-09-08,0.0,5,standard,standard,0.4955737292766571,1.030644178390503,0.11513037979602814,0.12229464657645156,237
6,2004-09-22,0.0,5,standard,standard,0.28785714507102966,1.0603092908859253,0.024961670860648155,0.028063303051543663,201
7,2004-10-07,0.0,5,standard,standard,0.1682656705379486,2.3673222064971924,0.013785301707684994,0.07725578674349243,116
8,2004-10-20,0.0,5,standard,standard,0.31991568207740784,0.7426848411560059,0.1610802412033081,0.08884876400352022,322
9,2004-11-03,0.0,5,standard,standard,0.2585279047489166,4.305335521697998,0.03710215911269188,0.6877224288351131,305
10,2004-11-17,0.0,5,standard,standard,0.9607018232345581,1.8594954013824463,0.22361069917678833,0.7731838906309302,328
11,2004-12-01,0.0,5,standard,standard,0.3353029787540436,1.149946928024292,0.20352649688720703,0.269138949134004,307
12,2004-12-17,0.0,5,standard,standard,0.8767091631889343,1.5976122617721558,0.006612079218029976,0.016876439169757125,237
13,2005-01-01,0.0,5,standard,standard,0.2211039811372757,1.4250354766845703,0.058735329657793045,0.1192753675043557,224
14,2005-01-12,0.0,5,standard,standard,0.7271148562431335,1.3407779932022095,0.00698607973754406,0.012558775133645526,279
15,2005-01-26,0.0,5,standard,standard,0.20161285996437073,2.018606662750244,0.05429745465517044,0.22124979453622448,296
16,2005-02-11,0.0,5,standard,standard,0.1793753206729889,1.3082793951034546,0.0419241227209568,0.07175711780781846,281
17,2005-02-23,0.0,5,standard,standard,0.2586643695831299,0.8407312631607056,0.05610889941453934,0.03965940045439554,331
18,2005-03-09,0.0,5,standard,standard,0.4159194827079773,2.808095932006836,0.04195210337638855,0.33080923189265926,320
19,2005-03-23,0.0,5,standard,standard,0.15880370140075684,1.157148838043213,0.11662159115076065,0.15615554474175047,281
0,2004-06-30,0.0,6,standard,standard,0.49238067865371704,0.0,0.0,0.0,332
1,2004-07-14,0.0,6,standard,standard,0.7053952217102051,0.589765727519989,0.10379191488027573,0.03610127887091856,213
2,2004-07-31,0.0,6,standard,standard,1.2814323902130127,2.501310348510742,0.035902831703424454,0.22462798590230953,195
3,2004-08-11,0.0,6,standard,standard,1.1995275020599365,1.4069782495498657,0.015370102599263191,0.03042646750888659,220
4,2004-08-25,0.0,6,standard,standard,0.8753112554550171,1.578414797782898,0.16969262063503265,0.4227710536738015,166
5,2004-09-08,0.0,6,standard,standard,0.7651584148406982,1.030644178390503,0.21826954185962677,0.23185189284894497,237
6,2004-09-22,0.0,6,standard,standard,0.41211947798728943,1.0603092908859253,0.03866099938750267,0.04346485249901494,201
7,2004-10-07,0.0,6,standard,standard,0.35022860765457153,2.3673222064971924,0.008367001079022884,0.04689046817765403,116
8,2004-10-20,0.0,6,standard,standard,0.5012884736061096,0.7426848411560059,0.21607722342014313,0.11918404198290918,322
9,2004-11-03,0.0,6,standard,standard,0.4030371308326721,4.305335521697998,0.03779362887144089,0.7005394527853508,305
10,2004-11-17,0.0,6,standard,standard,0.9827962517738342,1.8594954013824463,0.2197800874710083,0.7599386958657647,328
11,2004-12-01,0.0,6,standard,standard,0.4659004211425781,1.149946928024292,0.23697535693645477,0.31337098369004496,307
12,2004-12-17,0.0,6,standard,standard,1.2174614667892456,1.5976122617721558,0.010427971370518208,0.026615988510638795,237
13,2005-01-01,0.0,6,standard,standard,0.28794699907302856,1.4250354766845703,0.043460845947265625,0.08825707461952594,224
14,2005-01-12,0.0,6,standard,standard,0.6683586835861206,1.3407779932022095,0.006590024568140507,0.01184679244808779,279
15,2005-01-26,0.0,6,standard,standard,0.3534384071826935,2.018606662750244,0.10504589974880219,0.4280381812351156,296
16,2005-02-11,0.0,6,standard,standard,0.20708277821540833,1.3082793951034546,0.056774068623781204,0.09717421060380059,281
17,2005-02-23,0.0,6,standard,standard,0.4463128447532654,0.8407312631607056,0.08421304076910019,0.05952422418178175,331
18,2005-03-09,0.0,6,standard,standard,0.4353357255458832,2.808095932006836,0.03166183829307556,0.24966634716906466,320
19,2005-03-23,0.0,6,standard,standard,0.2506366968154907,1.157148838043213,0.17897209525108337,0.23964246030031203,281
0,2004-06-30,0.0,7,standard,standard,0.2742616534233093,0.0,0.0,0.0,332
1,2004-07-14,0.0,7,standard,standard,0.3755829930305481,0.589765727519989,0.05042273923754692,0.017538219356970527,213
2,2004-07-31,0.0,7,standard,standard,0.6107332706451416,2.501310348510742,0.03655256703495979,0.22869308973862984,195
3,2004-08-11,0.0,7,standard,standard,0.4913009703159332,1.4069782495498657,0.007352659944444895,0.014555235884649782,220
4,2004-08-25,0.0,7,standard,standard,0.2920694351196289,1.578414797782898,0.1253420114517212,0.3122762442629046,166
5,2004-09-08,0.0,7,standard,standard,0.409385621547699,1.030644178390503,0.10265931487083435,0.10904753942575343,237
6,2004-09-22,0.0,7,standard,standard,0.19271275401115417,1.0603092908859253,0.03639214113354683,0.0409140754650089,201
7,2004-10-07,0.0,7,standard,standard,0.1922357678413391,2.3673222064971924,0.010636210441589355,0.05960760403062129,116
8,2004-10-20,0.0,7,standard,standard,0.31103235483169556,0.7426848411560059,0.16929785907268524,0.09338144402245482,322
9,2004-11-03,0.0,7,standard,standard,0.17467978596687317,4.305335521697998,0.036634162068367004,0.6790476758905963,305
10,2004-11-17,0.0,7,standard,standard,0.8564996719360352,1.8594954013824463,0.24496376514434814,0.8470168811026607,328
11,2004-12-01,0.0,7,standard,standard,0.2709369659423828,1.149946928024292,0.25196269154548645,0.3331899043155491,307
12,2004-12-17,0.0,7,standard,standard,0.6510438323020935,1.5976122617721558,0.007824165746569633,0.019970126328193238,237
13,2005-01-01,0.0,7,standard,standard,0.3056066632270813,1.4250354766845703,0.05613910034298897,0.11400313684772992,224
14,2005-01-12,0.0,7,standard,standard,0.8693310022354126,1.3407779932022095,0.00944618508219719,0.01698127115277049,279
15,2005-01-26,0.0,7,standard,standard,0.20401011407375336,2.018606662750244,0.08877509087324142,0.36173833083663665,296
16,2005-02-11,0.0,7,standard,standard,0.20299139618873596,1.3082793951034546,0.05331891030073166,0.09126037897798589,281
17,2005-02-23,0.0,7,standard,standard,0.26033997535705566,0.8407312631607056,0.06786827743053436,0.04797127052665208,331
18,2005-03-09,0.0,7,standard,standard,0.4268737733364105,2.808095932006836,0.05065343528985977,0.39942273860799987,320
19,2005-03-23,0.0,7,standard,standard,0.1665870100259781,1.157148838043213,0.16609783470630646,0.22240390997117127,281
0,2004-06-30,0.0,8,standard,standard,0.42732974886894226,0.0,0.0,0.0,332
1,2004-07-14,0.0,8,standard,standard,0.5372321605682373,0.589765727519989,0.06524675339460373,0.022694361525536045,213
2,2004-07-31,0.0,8,standard,standard,0.8198724389076233,2.501310348510742,0.029356997460126877,0.1836736240216544,195
3,2004-08-11,0.0,8,standard,standard,0.5916225910186768,1.4069782495498657,0.005277111195027828,0.010446504912985616,220
4,2004-08-25,0.0,8,standard,standard,0.4921601116657257,1.578414797782898,0.1238739863038063,0.3086188162835321,166
5,2004-09-08,0.0,8,standard,standard,0.5242413282394409,1.030644178390503,0.16917574405670166,0.17970311455045085,237
6,2004-09-22,0.0,8,standard,standard,0.23262418806552887,1.0603092908859253,0.04497060179710388,0.0505584595553653,201
7,2004-10-07,0.0,8,standard,standard,0.16466239094734192,2.3673222064971924,0.007727387361228466,0.04330593575116453,116
8,2004-10-20,0.0,8,standard,standard,0.2865244746208191,0.7426848411560059,0.18034499883651733,0.09947483391595384,322
9,2004-11-03,0.0,8,standard,standard,0.2363685965538025,4.305335521697998,0.029344765469431877,0.5439320477532783,305
10,2004-11-17,0.0,8,standard,standard,0.8509100675582886,1.8594954013824463,0.23074498772621155,0.7978522852910875,328
11,2004-12-01,0.0,8,standard,standard,0.32008635997772217,1.149946928024292,0.20251595973968506,0.26780263710532665,307
12,2004-12-17,0.0,8,standard,standard,0.892207682132721,1.5976122617721558,0.01089613139629364,0.02781090374625284,237
13,2005-01-01,0.0,8,standard,standard,0.20549263060092926,1.4250354766845703,0.03006674163043499,0.06105731726582422,224
14,2005-01-12,0.0,8,standard,standard,0.7394189834594727,1.3407779932022095,0.007129334844648838,0.012816302780690061,279
15,2005-01-26,0.0,8,standard,standard,0.2557951509952545,2.018606662750244,0.09172752499580383,0.37376882926694327,296
16,2005-02-11,0.0,8,standard,standard,0.17250943183898926,1.3082793951034546,0.05555018410086632,0.0950794160036009,281
17,2005-02-23,0.0,8,standard,standard,0.3113221526145935,0.8407312631607056,0.06663757562637329,0.04710137473114618,331
18,2005-03-09,0.0,8,standard,standard,0.4039859175682068,2.808095932006836,0.029257183894515038,0.23070467872974573,320
19,2005-03-23,0.0,8,standard,standard,0.13034212589263916,1.157148838043213,0.10749268531799316,0.143931999777687,281
0,2004-06-30,0.0,9,standard,standard,0.3001631498336792,0.0,0.0,0.0,332
1,2004-07-14,0.0,9,standard,standard,0.3653351366519928,0.589765727519989,0.05165516957640648,0.017966887730643675,213
2,2004-07-31,0.0,9,standard,standard,0.7120420932769775,2.501310348510742,0.05379154905676842,0.3365497023465887,195
3,2004-08-11,0.0,9,standard,standard,0.5353240966796875,1.4069782495498657,0.007395532447844744,0.014640105769108631,220
4,2004-08-25,0.0,9,standard,standard,0.3590753376483917,1.578414797782898,0.11165641993284225,0.2781800536039738,166
5,2004-09-08,0.0,9,standard,standard,0.35410672426223755,1.030644178390503,0.17566107213497162,0.18659200787877567,237
6,2004-09-22,0.0,9,standard,standard,0.18911896646022797,1.0603092908859253,0.04246988520026207,0.047747014436367585,201
7,2004-10-07,0.0,9,standard,standard,0.16051436960697174,2.3673222064971924,0.00900272186845541,0.05045318379884529,116
8,2004-10-20,0.0,9,standard,standard,0.25176626443862915,0.7426848411560059,0.17552810907363892,0.09681793013572677,322
9,2004-11-03,0.0,9,standard,standard,0.19935165345668793,4.305335521697998,0.03314484655857086,0.6143700238412806,305
10,2004-11-17,0.0,9,standard,standard,0.7942732572555542,1.8594954013824463,0.21594208478927612,0.746667945151965,328
11,2004-12-01,0.0,9,standard,standard,0.25369128584861755,1.149946928024292,0.2130657583475113,0.28175345802698426,307
12,2004-12-17,0.0,9,standard,standard,0.8703061938285828,1.5976122617721558,0.009728695265948772,0.024831180698679924,237
13,2005-01-01,0.0,9,standard,standard,0.2352810949087143,1.4250354766845703,0.03987758979201317,0.08098046278691874,224
14,2005-01-12,0.0,9,standard,standard,0.7716813683509827,1.3407779932022095,0.008250988088548183,0.014832682695787917,279
15,2005-01-26,0.0,9,standard,standard,0.2344367504119873,2.018606662750244,0.06880661845207214,0.2803713413811693,296
16,2005-02-11,0.0,9,standard,standard,0.16275440156459808,1.3082793951034546,0.03986123204231262,0.0682262844869312,281
17,2005-02-23,0.0,9,standard,standard,0.28018760681152344,0.8407312631607056,0.054152075201272964,0.03827626024129988,331
18,2005-03-09,0.0,9,standard,standard,0.39448288083076477,2.808095932006836,0.03238239139318466,0.25534819857580776,320
19,2005-03-23,0.0,9,standard,standard,0.13950321078300476,1.157148838043213,0.14972269535064697,0.2004777059031829,281
