dataset_key,dataset,seed,block,block_order,risk,s2,gain,h_raw,risk_prev,risk_next,abs_change_same,sq_change_same,abs_change_next,sq_change_next,h_roll2,h_roll3,log_s2,log_gain,log_h,log_h_roll2,log_h_roll3
air_quality,Air Quality,0,0,0,0.4651822447776794,,,,,0.6486152410507202,,,0.18343299627304083,0.03364766412170541,,,,,,,
air_quality,Air Quality,0,1,1,0.6486152410507202,0.3478236133571819,0.090204894542694,0.031375392362343366,0.4651822447776794,1.1805033683776855,0.18343299627304083,0.03364766412170541,0.5318881273269653,0.2829049799913861,,,-1.0560597858698284,-2.405671590151897,-3.461731376021725,,
air_quality,Air Quality,0,2,2,1.1805033683776855,6.2565534595669305,0.048167984932661,0.30136557277080794,0.6486152410507202,0.937170684337616,0.5318881273269653,0.2829049799913861,0.24333268404006958,0.05921079512214433,0.16637048256657566,,1.833629467930906,-3.0330606916073464,-1.1994312236764404,-2.330581299849083,
air_quality,Air Quality,0,3,3,0.937170684337616,1.9795877947064036,0.0050694551318883,0.01003543150489782,1.1805033683776855,0.6176508665084839,0.24333268404006958,0.05921079512214433,0.3195198178291321,0.10209291398556175,0.1557005021378529,0.11425879887934971,0.6828886385418343,-5.28452193601256,-4.601633297470725,-2.900532260573583,-3.0875986323896303
air_quality,Air Quality,0,4,4,0.6176508665084839,2.4913932738600266,0.1585568636655807,0.395027503660769,0.937170684337616,0.6507856249809265,0.3195198178291321,0.10209291398556175,0.03313475847244263,0.0010979122190271084,0.2025314675828334,0.23547616931215823,0.9128421017235068,-1.841641988700902,-0.9287998869773951,-2.76521659222406,-2.2432881360415204
air_quality,Air Quality,0,5,5,0.6507856249809265,1.0622274224502348,0.1630271524190902,0.17317191190353173,0.6176508665084839,0.2855004370212555,0.03313475847244263,0.0010979122190271084,0.365285187959671,0.1334332685427322,0.2840997077821504,0.1927449490230662,0.06036804532819432,-1.8138385127838028,-1.7534704674556085,-1.3411351772165019,-2.4279678839679097
air_quality,Air Quality,0,6,6,0.2855004370212555,1.1242557923390137,0.0679856613278389,0.07643327354382136,0.6507856249809265,0.233230173587799,0.365285187959671,0.1334332685427322,0.052270263433456504,0.00273218043940294,0.12480259272367655,0.2148775630360407,0.11712129883687389,-2.6884584588519114,-2.5713371600150374,-2.162403813735323,-1.7512025048160138
air_quality,Air Quality,0,7,7,0.233230173587799,5.604214429374736,0.0066109956242144,0.03704943706975558,0.2855004370212555,0.3285852372646332,0.052270263433456504,0.00273218043940294,0.09535506367683419,0.009092588168813103,0.05674135530678847,0.09555154083903622,1.723518891371516,-5.019021012374312,-3.2955021210027957,-2.933419640508917,-2.5401032494911475
air_quality,Air Quality,0,8,8,0.3285852372646332,0.5515807732829217,0.2560966312885284,0.14125797792127776,0.233230173587799,0.1838407963514328,0.09535506367683419,0.009092588168813103,0.14474444091320038,0.020950953175274956,0.08915370749551667,0.08491356284495155,-0.5949669899360358,-1.3622004397502134,-1.9571674296862493,-2.6263347753445228,-2.608002236901361
air_quality,Air Quality,0,9,9,0.1838407963514328,18.535913954394573,0.0306134391576051,0.5674480740734615,0.3285852372646332,0.8203303813934326,0.14474444091320038,0.020950953175274956,0.6364895850419998,0.4051189918669371,0.3543530259973696,0.24858516302149827,2.9197101450387852,-3.4863161782489973,-0.5666060332102121,-1.2618867314482307,-1.9397585279664191
air_quality,Air Quality,0,10,10,0.8203303813934326,3.457723147762465,0.2584302127361297,0.8935801286588939,0.1838407963514328,0.2519959509372711,0.6364895850419998,0.4051189918669371,0.5683344304561615,0.32300402484192947,0.7305141013661778,0.534095393551211,1.2406103226804996,-1.3531295915512633,-0.11251926887076369,-0.3395626510404879,-0.8787642439224084
air_quality,Air Quality,0,11,11,0.2519959509372711,1.3223779372725062,0.2563477754592895,0.33898864253625083,0.8203303813934326,0.6536575555801392,0.5683344304561615,0.32300402484192947,0.40166160464286804,0.16133204464428363,0.6162843855975724,0.6000056150895354,0.2794315835330399,-1.3612202585342201,-1.0817886750011803,-0.597153971935972,-0.586971325694052
air_quality,Air Quality,0,12,12,0.6536575555801392,2.552364938964743,0.0043401201255619,0.011077570439379451,0.2519959509372711,0.2558231353759765,0.40166160464286804,0.16133204464428363,0.39783442020416265,0.15827222589918227,0.17503310648781514,0.4145487805448414,0.937020356420977,-5.439853252321565,-4.502832895900588,-2.7923107854508844,-1.899046946590844
air_quality,Air Quality,0,13,13,0.2558231353759765,2.0307261098096205,0.0449813790619373,0.09134486091631985,0.6536575555801392,0.7688669562339783,0.39783442020416265,0.15827222589918227,0.5130438208580017,0.26321396212057735,0.051211215677849656,0.14713702463065004,0.7083934186599171,-3.1015066734514773,-2.3931132547915603,-3.4479730753460744,-2.6592449418977764
air_quality,Air Quality,0,14,14,0.7688669562339783,1.7976856270553447,0.0029704014305025,0.00533984795819898,0.2558231353759765,0.1522489190101623,0.5130438208580017,0.26321396212057735,0.6166180372238159,0.38021780382975123,0.04834235443725941,0.03592075977129943,0.586500074853505,-5.819058173179052,-5.232558098325547,-3.812835676558553,-4.042834749672566
air_quality,Air Quality,0,15,15,0.1522489190101623,4.074772858899678,0.0594341680407524,0.2421807348237405,0.7688669562339783,0.1600590795278549,0.6166180372238159,0.38021780382975123,0.007810160517692594,6.099860731212424e-05,0.12376029139096974,0.11295514789941978,1.4048150049922135,-2.8228859984307717,-1.4180709934385582,-3.325314545882052,-3.014580782185222
air_quality,Air Quality,0,16,16,0.1600590795278549,1.711594975652261,0.0401544570922851,0.06872816700919948,0.1522489190101623,0.2029307335615158,0.007810160517692594,6.099860731212424e-05,0.042871654033660916,0.0018379787195819143,0.15545445091646998,0.10541624993037964,0.5374256700883856,-3.215021833709911,-2.6775961636215255,-2.047833578530041,-3.1094084184618773
air_quality,Air Quality,0,17,17,0.2029307335615158,0.7068290568557956,0.0514277219772338,0.03635060822141024,0.1600590795278549,0.4096467494964599,0.042871654033660916,0.0018379787195819143,0.2067160159349441,0.042731511244016064,0.052539387615304856,0.11575317001811675,-0.3469664289447142,-2.9675779138136016,-3.3145443427583157,-2.9960702531899197,-2.4700704999394665
air_quality,Air Quality,0,18,18,0.4096467494964599,7.885402763353341,0.0194339454174041,0.15324448689725625,0.2029307335615158,0.1430312991142273,0.2067160159349441,0.042731511244016064,0.2666154503822326,0.07108379838252074,0.09479754755933324,0.08610775404262198,2.065013298800313,-3.9407339781309365,-1.8757206793306236,-2.5951325110444685,-2.622620395236822
air_quality,Air Quality,0,19,19,0.1430312991142273,1.3389934333847577,0.1495507061481475,0.20024741349042302,0.4096467494964599,,0.2666154503822326,0.07108379838252074,,,0.17674595019383965,0.1299475028696965,0.29191816257883085,-1.9001197720908651,-1.6082016095120344,-1.741961144421328,-2.2661555438669914
air_quality,Air Quality,1,0,0,0.349092423915863,,,,,0.4592467546463012,,,0.11015433073043823,0.012133976578670769,,,,,,,
air_quality,Air Quality,1,1,1,0.4592467546463012,0.3478236133571819,0.0654308721423149,0.022758402373651742,0.349092423915863,1.1838462352752686,0.11015433073043823,0.012133976578670769,0.7245994806289673,0.5250444073277691,,,-1.0560597858698284,-2.726761080779041,-3.782820866648869,,
air_quality,Air Quality,1,2,2,1.1838462352752686,6.2565534595669305,0.0619366616010665,0.38751003441417886,0.4592467546463012,1.008397936820984,0.7245994806289673,0.5250444073277691,0.17544829845428445,0.03078210543050367,0.2051342183939153,,1.833629467930906,-2.7816430031762156,-0.9480135352453096,-2.3654172009470895,
air_quality,Air Quality,1,3,3,1.008397936820984,1.9795877947064036,0.0082515487447381,0.01633466518250849,1.1838462352752686,0.433977335691452,0.17544829845428445,0.03078210543050367,0.5744206011295321,0.329959027002013,0.20192234979834367,0.14220103399011302,0.6828886385418343,-4.797354369497876,-4.1144657309560415,-2.5312396331006757,-2.9484333776167397
air_quality,Air Quality,1,4,4,0.433977335691452,2.4913932738600266,0.1763216108083725,0.4392864752041446,1.008397936820984,0.3766462206840515,0.5744206011295321,0.329959027002013,0.05733111500740051,0.0032868567479917843,0.22781057019332654,0.28104372493361063,0.9128421017235068,-1.7354456173437296,-0.8226035156202228,-2.4685346232881322,-1.9616942606071914
air_quality,Air Quality,1,5,5,0.3766462206840515,1.0622274224502348,0.1794197857379913,0.19058461654103992,0.433977335691452,0.226827323436737,0.05733111500740051,0.0032868567479917843,0.1498188972473145,0.022445701972401384,0.31493554587259226,0.21540191897589767,0.06036804532819432,-1.7180270470385852,-1.657659001710391,-1.2401312586653068,-2.198242749428885
air_quality,Air Quality,1,6,6,0.226827323436737,1.1242557923390137,0.057764571160078,0.06494215371869684,0.3766462206840515,0.2117808759212494,0.1498188972473145,0.022445701972401384,0.015046447515487615,0.00022639558283632342,0.12776338512986837,0.23160441515462712,0.11712129883687389,-2.8513796469286374,-2.7342583480917635,-2.1959586749010773,-1.7381736218074593
air_quality,Air Quality,1,7,7,0.2117808759212494,5.604214429374736,0.0063424375839531,0.035544380225398596,0.226827323436737,0.2556191086769104,0.015046447515487615,0.00022639558283632342,0.04383823275566101,0.00192179065113951,0.050243266972047715,0.09702371682837846,1.723518891371516,-5.0604921073034514,-3.3369732159319354,-3.0356157820118495,-2.5762968552446965
air_quality,Air Quality,1,8,8,0.2556191086769104,0.5515807732829217,0.2722437679767608,0.15016442806207803,0.2117808759212494,0.2527832984924316,0.04383823275566101,0.00192179065113951,0.0028358101844788153,8.041819402393773e-06,0.0928544041437383,0.08355032066872448,-0.5949669899360358,-1.3010574082381887,-1.8960243981742244,-2.61649880705308,-2.6557519873993076
air_quality,Air Quality,1,9,9,0.2527832984924316,18.535913954394573,0.0448871850967407,0.8320250006081681,0.2556191086769104,0.8903359174728394,0.0028358101844788153,8.041819402393773e-06,0.6375526189804077,0.40647334196877694,0.49109471433512303,0.3392446029652149,2.9197101450387852,-3.103602934820944,-0.18389278978215895,-1.0399585939781917,-1.8056301346294397
air_quality,Air Quality,1,10,10,0.8903359174728394,3.457723147762465,0.2271788567304611,0.785521591599128,0.2527832984924316,0.3122456669807434,0.6375526189804077,0.40647334196877694,0.578090250492096,0.33418833771401424,0.808773296103648,0.589237006756458,1.2406103226804996,-1.4820176566263288,-0.24140733394582914,-0.21265006186399404,-0.7737748406340709
air_quality,Air Quality,1,11,11,0.3122456669807434,1.3223779372725062,0.2434236854314804,0.3218981110241525,0.8903359174728394,0.7466968297958374,0.578090250492096,0.33418833771401424,0.434451162815094,0.1887478128713873,0.5537098513116403,0.6464815677438162,0.2794315835330399,-1.4129517924298123,-1.1335202088967724,-0.6874637714213008,-0.5196067775415868
air_quality,Air Quality,1,12,12,0.7466968297958374,2.552364938964743,0.0097000105306506,0.024757966786021386,0.3122456669807434,0.2966181635856628,0.434451162815094,0.1887478128713873,0.4500786662101746,0.20257080577752978,0.17332803890508694,0.3773925564697673,0.937020356420977,-4.635628307736214,-3.698607951315237,-2.4160640801060045,-1.6911784980526126
air_quality,Air Quality,1,13,13,0.2966181635856628,2.0307261098096205,0.0709769800305366,0.1441348065434467,0.7466968297958374,0.834711492061615,0.4500786662101746,0.20257080577752978,0.5380933284759521,0.28954443015032894,0.08444638666473404,0.16359696145120686,0.7083934186599171,-2.645399679421016,-1.9370062607610992,-2.8178071060381678,-2.2563781403243692
air_quality,Air Quality,1,14,14,0.834711492061615,1.7976856270553447,0.0078236097469925,0.014064390793858518,0.2966181635856628,0.1946360021829605,0.5380933284759521,0.28954443015032894,0.6400754898786545,0.4096966327433995,0.07909959866865261,0.0609857213744422,0.586500074853505,-4.850609226328926,-4.264109151475421,-3.1005577061182605,-3.299907787850586
air_quality,Air Quality,1,15,15,0.1946360021829605,4.074772858899678,0.0965099483728408,0.3932561182434608,0.834711492061615,0.1839548945426941,0.6400754898786545,0.4096966327433995,0.010681107640266418,0.00011408606042295766,0.20366025451865966,0.183818438526922,1.4048150049922135,-2.338109183993908,-0.9332941790016944,-2.598701665238558,-2.378136530412738
air_quality,Air Quality,1,16,16,0.1839548945426941,1.711594975652261,0.0611210130155086,0.10461441878412098,0.1946360021829605,0.2152976393699646,0.010681107640266418,0.00011408606042295766,0.03134274482727051,0.0009823676533073922,0.24893526851379089,0.17064497594048011,0.5374256700883856,-2.794899560038242,-2.2574738899498565,-1.595384034475776,-2.4849590734756575
air_quality,Air Quality,1,17,17,0.2152976393699646,0.7068290568557956,0.0782805010676384,0.05533093273983795,0.1839548945426941,0.4323756098747253,0.03134274482727051,0.0009823676533073922,0.2170779705047607,0.047122845278465754,0.07997267576197946,0.18440048992247324,-0.3469664289447142,-2.5474567354957185,-2.8944231644404326,-2.5759485271951448,-2.028397077797328
air_quality,Air Quality,1,18,18,0.4323756098747253,7.885402763353341,0.0340051725506782,0.268144481599425,0.2152976393699646,0.1916140615940094,0.2170779705047607,0.047122845278465754,0.2407615482807159,0.057966123130527486,0.16173770716963148,0.142696611041128,2.065013298800313,-3.3812426320642714,-1.3162293332639585,-2.105326248852196,-2.1560421292180827
air_quality,Air Quality,1,19,19,0.1916140615940094,1.3389934333847577,0.1433964073657989,0.19200684783377042,0.4323756098747253,,0.2407615482807159,0.057966123130527486,,,0.23007566471659768,0.17182742072434445,0.29191816257883085,-1.9421424043605877,-1.650224241781757,-1.4832267875228582,-1.953625579828716
air_quality,Air Quality,2,0,0,0.4218733012676239,,,,,0.6036127805709839,,,0.18173947930335999,0.03302923833745641,,,,,,,
air_quality,Air Quality,2,1,1,0.6036127805709839,0.3478236133571819,0.0839209780097007,0.029189697807802704,0.4218733012676239,1.1229074001312256,0.18173947930335999,0.03302923833745641,0.5192946195602417,0.26966690190421616,,,-1.0560597858698284,-2.477879660878344,-3.533939446748173,,
air_quality,Air Quality,2,2,2,1.1229074001312256,6.2565534595669305,0.0533138513565063,0.3335609611473866,0.6036127805709839,1.0154281854629517,0.5192946195602417,0.26966690190421616,0.10747921466827393,0.011551781585708909,0.18137532947759466,,1.833629467930906,-2.9315591061967416,-1.0979296382658357,-2.315934542507004,
air_quality,Air Quality,2,3,3,1.0154281854629517,1.9795877947064036,0.007594131398946,0.015033249828750168,1.1229074001312256,0.6169615387916565,0.10747921466827393,0.011551781585708909,0.39846664667129517,0.15877566850946678,0.17429710548806837,0.1259279695946465,0.6828886385418343,-4.8803795141952815,-4.197490875653447,-2.647710256959641,-2.9431199868891516
air_quality,Air Quality,2,4,4,0.6169615387916565,2.4913932738600266,0.1329890489578247,0.3313280220705663,1.0154281854629517,0.5234264135360718,0.39846664667129517,0.15877566850946678,0.09353512525558472,0.008748819656577922,0.1731806359496582,0.226640744348901,0.9128421017235068,-2.0174884928058496,-1.1046463910823427,-2.6510686333678946,-2.1333556350005414
air_quality,Air Quality,2,5,5,0.5234264135360718,1.0622274224502348,0.2132671624422073,0.2265382282542614,0.6169615387916565,0.2747915685176849,0.09353512525558472,0.008748819656577922,0.2486348450183869,0.06181928615731727,0.27893312516241386,0.19096650005119262,0.06036804532819432,-1.5452096154585346,-1.4848415701303403,-1.2947439806063414,-2.2623262789553764
air_quality,Air Quality,2,6,6,0.2747915685176849,1.1242557923390137,0.0328254289925098,0.03690417868084214,0.5234264135360718,0.2773635387420654,0.2486348450183869,0.06181928615731727,0.002571970224380493,6.615030835099844e-06,0.13172120346755178,0.1982568096685566,0.11712129883687389,-3.4165517897694677,-3.2994304909325938,-2.392136030531467,-1.962972817381759
air_quality,Air Quality,2,7,7,0.2773635387420654,5.604214429374736,0.007304098457098,0.040933733966842356,0.2747915685176849,0.3688044250011444,0.002571970224380493,6.615030835099844e-06,0.09144088625907904,0.00836143567984583,0.03891895632384225,0.10145871363398196,1.723518891371516,-4.919319655755954,-3.195800764384438,-3.247615627658516,-2.6600242751491243
air_quality,Air Quality,2,8,8,0.3688044250011444,0.5515807732829217,0.208791509270668,0.11516538213842337,0.2773635387420654,0.2465756982564926,0.09144088625907904,0.00836143567984583,0.12222872674465182,0.014939861641618764,0.07804955805263286,0.06433443159536929,-0.5949669899360358,-1.5664190882081932,-2.161386078144229,-2.678593421264334,-2.885539111153754
air_quality,Air Quality,2,9,9,0.2465756982564926,18.535913954394573,0.0300905406475067,0.5577556722833965,0.3688044250011444,0.8445726037025452,0.12222872674465182,0.014939861641618764,0.5979969054460526,0.3576002989230551,0.3364605272109099,0.23795159612955408,2.9197101450387852,-3.503544420787852,-0.5838342757490667,-1.372610176946648,-1.9803403727592446
air_quality,Air Quality,2,10,10,0.8445726037025452,3.457723147762465,0.2213669270277023,0.7654255477327307,0.2465756982564926,0.3065687716007232,0.5979969054460526,0.3576002989230551,0.5380038321018219,0.28944812335624537,0.6615906100080636,0.4794488673848502,1.2406103226804996,-1.5079336509469041,-0.2673233282664045,-0.4255788020077358,-1.0041812273865667
air_quality,Air Quality,2,11,11,0.3065687716007232,1.3223779372725062,0.2084352374076843,0.27563015929807866,0.8445726037025452,0.9437277913093568,0.5380038321018219,0.28944812335624537,0.6371590197086336,0.405971616396067,0.5205278535154048,0.5329371264380686,0.2794315835330399,-1.5681268979419203,-1.2886953144088804,-0.7780093213376427,-0.7132843061414506
air_quality,Air Quality,2,12,12,0.9437277913093568,2.552364938964743,0.0158084724098444,0.04034899071747832,0.3065687716007232,0.2541438937187195,0.6371590197086336,0.405971616396067,0.6895838975906373,0.4755259518162946,0.1579895750077785,0.36046823258276256,0.937020356420977,-4.147209254133906,-3.210188897712929,-2.249442106060905,-1.5887358467960713
air_quality,Air Quality,2,13,13,0.2541438937187195,2.0307261098096205,0.0371025800704956,0.07534517809045749,0.9437277913093568,0.6945529580116272,0.6895838975906373,0.4755259518162946,0.4404090642929077,0.19396014391135452,0.05784708440396791,0.13044144270200483,0.7083934186599171,-3.2940687680807184,-2.5856753494208013,-2.897932123566865,-2.3615198538475366
air_quality,Air Quality,2,14,14,0.6945529580116272,1.7976856270553447,0.0050743967294692,0.00912217006654343,0.2541438937187195,0.3192148804664612,0.4404090642929077,0.19396014391135452,0.375338077545166,0.14087867245530106,0.042233674078500455,0.04160544629149308,0.586500074853505,-5.283547631963492,-4.697047557109987,-3.641361453265395,-3.4976372680812395
air_quality,Air Quality,2,15,15,0.3192148804664612,4.074772858899678,0.0877904668450355,0.35772621157028267,0.6945529580116272,0.2075053304433822,0.375338077545166,0.14087867245530106,0.11170955002307897,0.012479023566358783,0.18342419081841305,0.14739785324242785,1.4048150049922135,-2.432802362299468,-1.0279873573072544,-2.862517457208621,-2.770236754612681
air_quality,Air Quality,2,16,16,0.2075053304433822,1.711594975652261,0.0586790293455123,0.10043473180393044,0.3192148804664612,0.4162271320819855,0.11170955002307897,0.012479023566358783,0.20872180163860327,0.04356479047926445,0.22908047168710655,0.1557610378135855,0.5374256700883856,-2.8356728673146465,-2.298247197226261,-1.6631172772667586,-2.6744273705478343
air_quality,Air Quality,2,17,17,0.4162271320819855,0.7068290568557956,0.0750780031085014,0.05306731412779853,0.2075053304433822,0.3679958581924438,0.20872180163860327,0.04356479047926445,0.04823127388954168,0.002326255781007985,0.07675102296586449,0.1704094191673372,-0.3469664289447142,-2.58922766445422,-2.936194093398934,-2.6172206453125986,-2.0874762159774836
air_quality,Air Quality,2,18,18,0.3679958581924438,7.885402763353341,0.0310676340013742,0.24498080700528632,0.4162271320819855,0.1670554727315902,0.04823127388954168,0.002326255781007985,0.2009403854608536,0.04037703850915643,0.14902406056654244,0.13282761764567177,2.065013298800313,-3.4715887090279822,-1.4065754102276693,-2.1713847518133025,-2.2136722336176216
air_quality,Air Quality,2,19,19,0.1670554727315902,1.3389934333847577,0.1605799049139022,0.21501543821326383,0.3679958581924438,,0.2009403854608536,0.04037703850915643,,,0.22999812260927507,0.17102118644878292,0.29191816257883085,-1.8289636103611449,-1.537045447782314,-1.4718104290049925,-1.9599383171363058
air_quality,Air Quality,3,0,0,0.3701768815517425,,,,,0.4729257822036743,,,0.10274890065193182,0.010557336585180556,,,,,,,
air_quality,Air Quality,3,1,1,0.4729257822036743,0.3478236133571819,0.0543593987822532,0.018907482504367305,0.3701768815517425,0.7029082179069519,0.10274890065193182,0.010557336585180556,0.2299824357032776,0.05289192073201221,,,-1.0560597858698284,-2.9121377496710763,-3.968197535540905,,
air_quality,Air Quality,3,2,2,0.7029082179069519,6.2565534595669305,0.0331815816462039,0.20760233944245957,0.4729257822036743,0.5869170427322388,0.2299824357032776,0.05289192073201221,0.11599117517471313,0.013453952718410989,0.11325491097341343,,1.833629467930906,-3.405760326663854,-1.572130858732948,-2.7701641971369266,
air_quality,Air Quality,3,3,3,0.5869170427322388,1.9795877947064036,0.0120697412639856,0.02389311249145013,0.7029082179069519,0.4449210464954376,0.11599117517471313,0.013453952718410989,0.14199599623680115,0.020162862947281646,0.11574772596695485,0.08346764481275899,0.6828886385418343,-4.417053680309117,-3.7341650417672825,-2.653147950250115,-3.0914978120137118
air_quality,Air Quality,3,4,4,0.4449210464954376,2.4913932738600266,0.1249862611293792,0.3113899303026482,0.5869170427322388,0.4382277429103851,0.14199599623680115,0.020162862947281646,0.006693303585052546,4.4800312881677264e-05,0.1676415213970492,0.18096179407885263,0.9128421017235068,-2.079551458677454,-1.1667093569539473,-2.4504371993606147,-2.1576684191513924
air_quality,Air Quality,3,5,5,0.4382277429103851,1.0622274224502348,0.1616891771554947,0.1717506778879805,0.4449210464954376,0.2295276522636413,0.006693303585052546,4.4800312881677264e-05,0.20870009064674377,0.04355572783595907,0.24157030409531433,0.1690112402273596,0.06036804532819432,-1.8220794462625063,-1.761711400934312,-1.4642103789441296,-2.2208619332185138
air_quality,Air Quality,3,6,6,0.2295276522636413,1.1242557923390137,0.0334436036646366,0.03759916513665796,0.4382277429103851,0.1740112006664276,0.20870009064674377,0.04355572783595907,0.05551645159721369,0.0030820763979457705,0.1046749215123192,0.1735799244424289,0.11712129883687389,-3.397894731451168,-3.280773432614294,-2.521242416774303,-2.0697313968341846
air_quality,Air Quality,3,7,7,0.1740112006664276,5.604214429374736,0.0120533276349306,0.06754943265365933,0.2295276522636413,0.2322496622800827,0.05551645159721369,0.0030820763979457705,0.05823846161365509,0.0033917184111251775,0.05257429889515862,0.09229975855943261,1.723518891371516,-4.418414504809132,-2.6948956134376156,-2.987834523025955,-2.579126815662074
air_quality,Air Quality,3,8,8,0.2322496622800827,0.5515807732829217,0.1742007434368133,0.09608578077133732,0.1740112006664276,0.2421590834856033,0.05823846161365509,0.0033917184111251775,0.009909421205520602,9.819662862842138e-05,0.0818176067124983,0.0670781261872182,-0.5949669899360358,-1.7475469468471623,-2.342513936783198,-2.5187047751104066,-2.7727276609450358
air_quality,Air Quality,3,9,9,0.2421590834856033,18.535913954394573,0.0391955822706222,0.7265259403606465,0.2322496622800827,0.8033303022384644,0.009909421205520602,9.819662862842138e-05,0.561171218752861,0.3149131367565714,0.4113058605659919,0.2967203845952144,2.9197101450387852,-3.2391912356890162,-0.319481090650231,-1.3309975137167145,-1.7856302136236817
air_quality,Air Quality,3,10,10,0.8033303022384644,3.457723147762465,0.196940004825592,0.6809640134059011,0.2421590834856033,0.3344298899173736,0.561171218752861,0.3149131367565714,0.46890041232109075,0.21986759667488892,0.7037449768832738,0.5011919115126283,1.2406103226804996,-1.6248561406545499,-0.3842458179740502,-0.3518634543121406,-1.0154136151358264
air_quality,Air Quality,3,11,11,0.3344298899173736,1.3223779372725062,0.1937301307916641,0.25618445074381363,0.8033303022384644,1.3485397100448608,0.46890041232109075,0.21986759667488892,1.0141098201274872,1.0284187272790044,0.46857423207485727,0.5545581348367871,0.2794315835330399,-1.6412891667549083,-1.3618575832218685,-0.8730517005979593,-0.6885281639487166
air_quality,Air Quality,3,12,12,1.3485397100448608,2.552364938964743,0.0183483324944973,0.046831640547422414,0.3344298899173736,0.284866601228714,1.0141098201274872,1.0284187272790044,1.0636731088161469,1.1314004824186066,0.15150804564561796,0.32799336823237907,0.937020356420977,-3.998216580790668,-3.061196224369691,-2.2115269037957797,-1.6024332085218698
air_quality,Air Quality,3,13,13,0.284866601228714,2.0307261098096205,0.03937254473567,0.07995485460437239,1.3485397100448608,0.7559558749198914,1.0636731088161469,1.1314004824186066,0.47108927369117737,0.22192510378688102,0.06339324757589734,0.1276569819652028,0.7083934186599171,-3.234686539674645,-2.526293121014728,-2.7937446726922097,-2.316448976202096
air_quality,Air Quality,3,14,14,0.7559558749198914,1.7976856270553447,0.0165521260350942,0.02975551907049741,0.284866601228714,0.4360065460205078,0.47108927369117737,0.22192510378688102,0.31994932889938354,0.1023675730631659,0.05485518683743484,0.05218067140743074,0.586500074853505,-4.1012407240141036,-3.514740649160599,-3.0205168850876634,-3.034076664848339
air_quality,Air Quality,3,15,15,0.4360065460205078,4.074772858899678,0.0898490995168685,0.3661146721079119,0.7559558749198914,0.2535992860794067,0.31994932889938354,0.1023675730631659,0.18240725994110113,0.03327240847922044,0.19793509558920458,0.15860834859426057,1.4048150049922135,-2.409623687863241,-1.0048086828710274,-2.2597746660158133,-2.3486141510154517
air_quality,Air Quality,3,16,16,0.2535992860794067,1.711594975652261,0.0729568749666214,0.12487262063215941,0.4360065460205078,0.4152030050754547,0.18240725994110113,0.03327240847922044,0.16160371899604803,0.026115761993353654,0.2454936463700356,0.17358093727018956,0.5374256700883856,-2.617886766265765,-2.0804610961773795,-1.5426348895242037,-2.2000034760696683
air_quality,Air Quality,3,17,17,0.4152030050754547,0.7068290568557956,0.0759537890553474,0.05368634508261525,0.2535992860794067,0.4781073629856109,0.16160371899604803,0.026115761993353654,0.0629043579101562,0.00395695824408903,0.08927948285738728,0.18155787927422884,-0.3469664289447142,-2.5776301623585938,-2.924596591303308,-2.502528843740344,-2.0032887901172383
air_quality,Air Quality,3,18,18,0.4781073629856109,7.885402763353341,0.0331098772585392,0.26108471762877494,0.4152030050754547,0.144628420472145,0.0629043579101562,0.00395695824408903,0.3334789425134659,0.11120820509989948,0.15738553135569505,0.14654789444784985,2.065013298800313,-3.4079236344809196,-1.3429103356806067,-2.1337534634919573,-2.1159893410537642
air_quality,Air Quality,3,19,19,0.144628420472145,1.3389934333847577,0.1273114830255508,0.17046923976568756,0.4781073629856109,,0.3334789425134659,0.11120820509989948,,,0.2157769786972312,0.16174676749235925,0.29191816257883085,-2.061118573036436,-1.7692004104576053,-1.5560553730691062,-2.0122357791471734
air_quality,Air Quality,4,0,0,0.289447546005249,,,,,0.364055186510086,,,0.07460764050483698,0.005566300021698991,,,,,,,
air_quality,Air Quality,4,1,1,0.364055186510086,0.3478236133571819,0.0540063194930553,0.018784673190196905,0.289447546005249,0.5694210529327393,0.07460764050483698,0.005566300021698991,0.20536586642265325,0.04217513909152706,,,-1.0560597858698284,-2.9186542115973753,-3.9747139974672034,,
air_quality,Air Quality,4,2,2,0.5694210529327393,6.2565534595669305,0.0219433866441249,0.13728997162291443,0.364055186510086,0.4790224134922027,0.20536586642265325,0.04217513909152706,0.09039863944053655,0.008171914012700131,0.07803732240655567,,1.833629467930906,-3.8192894766523025,-1.9856600087213965,-2.9801870030943,
air_quality,Air Quality,4,3,3,0.4790224134922027,1.9795877947064036,0.0104351490736007,0.02065729374204178,0.5694210529327393,0.3447751104831695,0.09039863944053655,0.008171914012700131,0.1342473030090332,0.018022338365199175,0.0789736326824781,0.05891064618505104,0.6828886385418343,-4.562575452536742,-3.879686813994908,-2.9326734113581523,-3.2800202733945025
air_quality,Air Quality,4,4,4,0.3447751104831695,2.4913932738600266,0.115279771387577,0.2872072470471309,0.4790224134922027,0.3091748058795929,0.1342473030090332,0.018022338365199175,0.035600304603576605,0.0012673816878674376,0.15393227039458635,0.14838483747069572,0.9128421017235068,-2.160393310389844,-1.2475512086663372,-2.5636190113306228,-2.3709660104608807
air_quality,Air Quality,4,5,5,0.3091748058795929,1.0622274224502348,0.1857445538043975,0.19730295862181413,0.3447751104831695,0.1859056800603866,0.035600304603576605,0.0012673816878674376,0.1232691258192063,0.015195277380231312,0.24225510283447252,0.1683891664703289,0.06036804532819432,-1.6833829158388867,-1.6230148705106924,-1.4352830395885148,-2.2500842977239794
air_quality,Air Quality,4,6,6,0.1859056800603866,1.1242557923390137,0.0344270728528499,0.03870483606809371,0.3091748058795929,0.1498083174228668,0.1232691258192063,0.015195277380231312,0.03609736263751981,0.001303019589384611,0.11800389734495392,0.17440501391234622,0.11712129883687389,-3.368912022560726,-3.251790723723852,-2.4374027971172723,-2.0407856009669607
air_quality,Air Quality,4,7,7,0.1498083174228668,5.604214429374736,0.0178270358592271,0.09990653159526136,0.1859056800603866,0.1976047754287719,0.03609736263751981,0.001303019589384611,0.047796458005905096,0.0022845013979102494,0.06930568383167754,0.1119714420950564,1.723518891371516,-4.027039105446191,-2.3035202140746747,-2.7776554688992636,-2.3927752694364064
air_quality,Air Quality,4,8,8,0.1976047754287719,0.5515807732829217,0.2048862725496292,0.11301132864797993,0.1498083174228668,0.2166155278682708,0.047796458005905096,0.0022845013979102494,0.0190107524394989,0.00036140870831591343,0.10645893012162064,0.08387423210377833,-0.5949669899360358,-1.5853002218301693,-2.180267211766205,-2.24189371292044,-2.578526049854911
air_quality,Air Quality,4,9,9,0.2166155278682708,18.535913954394573,0.0373958870768547,0.6931669451048347,0.1976047754287719,0.9179747104644777,0.0190107524394989,0.00036140870831591343,0.7013591825962069,0.4919047030120195,0.4030891368764073,0.30202826844935865,2.9197101450387852,-3.28619455178928,-0.3664844067504949,-1.27337580925835,-1.6167572775304582
air_quality,Air Quality,4,10,10,0.9179747104644777,3.457723147762465,0.1636867970228195,0.5659836270488992,0.2166155278682708,0.2652941346168518,0.7013591825962069,0.4919047030120195,0.6526805758476258,0.4259919340887885,0.6295752860768669,0.45738730026723795,1.2406103226804996,-1.809800451346906,-0.5691901286664063,-0.4678372677084506,-1.0386472490610354
air_quality,Air Quality,4,11,11,0.2652941346168518,1.3223779372725062,0.1754365861415863,0.23199347090404124,0.9179747104644777,0.9995081424713136,0.6526805758476258,0.4259919340887885,0.7342140078544618,0.5390702093297116,0.3989885489764702,0.4970480143525917,0.2794315835330399,-1.7404776338934171,-1.4610460503603773,-1.0151180895133918,-0.7989068619257594
air_quality,Air Quality,4,12,12,0.9995081424713136,2.552364938964743,0.0108777843415737,0.027764075367052395,0.2652941346168518,0.2418173104524612,0.7342140078544618,0.5390702093297116,0.7576908320188525,0.5740953969254209,0.12987877313554683,0.2752470577733309,0.937020356420977,-4.5210327032768305,-3.5840123468558533,-2.5225291986081153,-1.8714161752942122
air_quality,Air Quality,4,13,13,0.2418173104524612,2.0307261098096205,0.0348415151238441,0.07075357446731699,0.9995081424713136,0.7134341597557068,0.7576908320188525,0.5740953969254209,0.4716168493032456,0.22242245254672027,0.049258824917184696,0.1101703735794702,0.7083934186599171,-3.356945639859485,-2.648552221199568,-3.1162822840277107,-2.564536872805266
air_quality,Air Quality,4,14,14,0.7134341597557068,1.7976856270553447,0.0037669448647648,0.0067717826412976205,0.2418173104524612,0.2445807605981826,0.4716168493032456,0.22242245254672027,0.4688533991575242,0.21982350990156474,0.03876267855430731,0.035096477491889,0.586500074853505,-5.581490986491686,-4.994990911638181,-3.8217715664188745,-3.742518493231201
air_quality,Air Quality,4,15,15,0.2445807605981826,4.074772858899678,0.0821798592805862,0.3348642601447275,0.7134341597557068,0.1861486881971359,0.4688533991575242,0.21982350990156474,0.0584320724010467,0.003414307085081163,0.17081802139301255,0.13746320575111404,1.4048150049922135,-2.4988450278478065,-1.094030022855593,-3.0445104672468872,-2.912524385231114
air_quality,Air Quality,4,16,16,0.1861486881971359,1.711594975652261,0.0439234673976898,0.07517918611111175,0.2445807605981826,0.291281521320343,0.0584320724010467,0.003414307085081163,0.10513283312320712,0.011052912600512116,0.2050217231279196,0.13893840963237894,0.5374256700883856,-3.1253065368394957,-2.58788086675111,-1.8409554448033516,-2.8923006004149614
air_quality,Air Quality,4,17,17,0.291281521320343,0.7068290568557956,0.0448428317904472,0.03169621650118488,0.1861486881971359,0.4222032129764557,0.10513283312320712,0.011052912600512116,0.13092169165611267,0.017140489346098242,0.05343770130614832,0.14724655425234137,-0.3469664289447142,-3.104591529528567,-3.451557958473281,-3.0197194126121953,-2.3778229493599947
air_quality,Air Quality,4,18,18,0.4222032129764557,7.885402763353341,0.0182936824858188,0.14425305442558417,0.291281521320343,0.1521159708499908,0.13092169165611267,0.017140489346098242,0.2700872421264649,0.07294711835947967,0.08797463546338452,0.08370948567929364,2.065013298800313,-4.001199498036181,-1.936186199235868,-2.6938720788545742,-2.658541674820086
air_quality,Air Quality,4,19,19,0.1521159708499908,1.3389934333847577,0.1043507233262062,0.13972493330273975,0.4222032129764557,,0.2700872421264649,0.07294711835947967,,,0.14198899386416197,0.10522473474316962,0.29191816257883085,-2.2599977137416367,-1.968079551162806,-1.952132875199337,-2.4519412362906516
air_quality,Air Quality,5,0,0,0.3240507543087005,,,,,0.3822148740291595,,,0.058164119720458984,0.0033830648228558857,,,,,,,
air_quality,Air Quality,5,1,1,0.3822148740291595,0.3478236133571819,0.0465104095637798,0.016177418713196324,0.3240507543087005,0.6397433280944824,0.058164119720458984,0.0033830648228558857,0.25752845406532293,0.06632090465327514,,,-1.0560597858698284,-3.0680791298339294,-4.124138915703758,,
air_quality,Air Quality,5,2,2,0.6397433280944824,6.2565534595669305,0.024886442348361,0.155703356970951,0.3822148740291595,0.4793435633182525,0.25752845406532293,0.06632090465327514,0.16039976477622991,0.025728084540269886,0.08594038784207367,,1.833629467930906,-3.693432107758101,-1.8598026398271952,-2.9919707777654763,
air_quality,Air Quality,5,3,3,0.4793435633182525,1.9795877947064036,0.0124846715480089,0.02471450341735672,0.6397433280944824,0.3174920976161957,0.16039976477622991,0.025728084540269886,0.16185146570205683,0.02619589694990408,0.09020893019415387,0.06553175970050136,0.6828886385418343,-4.383253663244919,-3.700365024703085,-2.78008383226514,-3.228102193411346
air_quality,Air Quality,5,4,4,0.3174920976161957,2.4913932738600266,0.1269930899143219,0.31638973003924314,0.4793435633182525,0.4486125111579895,0.16185146570205683,0.02619589694990408,0.13112041354179382,0.01719256284737103,0.17055211672829995,0.16560253014251694,0.9128421017235068,-2.0636226041194052,-1.1507805023958984,-2.425572763549492,-2.2369827223087264
air_quality,Air Quality,5,5,5,0.4486125111579895,1.0622274224502348,0.1175493896007537,0.12486418512620705,0.3174920976161957,0.2546819746494293,0.13112041354179382,0.01719256284737103,0.19393053650856018,0.03760905299049799,0.2206269575827251,0.155322806194269,0.06036804532819432,-2.140896696678586,-2.0805286513503916,-1.615654576873145,-2.310558059483125
air_quality,Air Quality,5,6,6,0.2546819746494293,1.1242557923390137,0.0281587950885295,0.03165768848356666,0.4486125111579895,0.1504479497671127,0.19393053650856018,0.03760905299049799,0.10423402488231662,0.010864731943167399,0.07826093680488685,0.15763720121633898,0.11712129883687389,-3.569895536621596,-3.452774237784722,-2.7666514445675565,-2.228027797177004
air_quality,Air Quality,5,7,7,0.1504479497671127,5.604214429374736,0.0112051898613572,0.06279628670490152,0.2546819746494293,0.2922252118587494,0.10423402488231662,0.010864731943167399,0.14177726209163669,0.02010079204620064,0.04722698759423409,0.07310605343822509,1.723518891371516,-4.491378227441102,-2.7678593360695856,-3.1103167869271537,-2.767054075068233
air_quality,Air Quality,5,8,8,0.2922252118587494,0.5515807732829217,0.1669165641069412,0.09206796750383499,0.1504479497671127,0.2172482907772064,0.14177726209163669,0.02010079204620064,0.074976921081543,0.005621538694867927,0.07743212710436825,0.0621739808974344,-0.5949669899360358,-1.7902612075352147,-2.3852281974712506,-2.576543766770418,-2.8686205904418522
air_quality,Air Quality,5,9,9,0.2172482907772064,18.535913954394573,0.0358031056821346,0.6636432862241424,0.2922252118587494,0.9206594228744508,0.074976921081543,0.005621538694867927,0.7034111320972444,0.494787220758327,0.37785562686398866,0.2728358468109597,2.9197101450387852,-3.329720638412579,-0.4100104933737936,-1.397619345422522,-1.8543660089715435
air_quality,Air Quality,5,10,10,0.9206594228744508,3.457723147762465,0.2237680554389953,0.7737279850212087,0.2172482907772064,0.2874035239219665,0.7034111320972444,0.494787220758327,0.6332558989524844,0.40101303355811907,0.7186856356226755,0.5098130795830621,1.2406103226804996,-1.4971452303789252,-0.2565349076984256,-0.3332727005361096,-1.0172578661811567
air_quality,Air Quality,5,11,11,0.2874035239219665,1.3223779372725062,0.205303356051445,0.27148862849043276,0.9206594228744508,0.8072109222412109,0.6332558989524844,0.40101303355811907,0.5198073983192444,0.2701997313474216,0.5226083067558207,0.5696199665785947,0.2794315835330399,-1.5832666080258584,-1.3038350244928185,-0.780184966095622,-0.6567934751883459
air_quality,Air Quality,5,12,12,0.8072109222412109,2.552364938964743,0.0067985351197421,0.01735234267595021,0.2874035239219665,0.2200270444154739,0.5198073983192444,0.2701997313474216,0.587183877825737,0.34478490637847004,0.14442048558319148,0.35418965206253056,0.937020356420977,-4.991048113427313,-4.054027757006336,-2.6789313907495775,-1.8714658963991935
air_quality,Air Quality,5,13,13,0.2200270444154739,2.0307261098096205,0.0560241304337978,0.11376966445129298,0.8072109222412109,0.7507283687591553,0.587183877825737,0.34478490637847004,0.5307013243436813,0.28164389566013726,0.0655610035636216,0.13420354520589203,0.7083934186599171,-2.8819727804366106,-2.1735793617766936,-3.113803559391515,-2.5104807144252828
air_quality,Air Quality,5,14,14,0.7507283687591553,1.7976856270553447,0.0072462065145373,0.01302640130185851,0.2200270444154739,0.1890753358602523,0.5307013243436813,0.28164389566013726,0.561653032898903,0.3154541293645362,0.06339803287657575,0.04804946947636727,0.586500074853505,-4.927277186289206,-4.340777111435702,-3.2571782366061974,-3.522794743406244
air_quality,Air Quality,5,15,15,0.1890753358602523,4.074772858899678,0.0549390688538551,0.2238642266589094,0.7507283687591553,0.172188401222229,0.561653032898903,0.3154541293645362,0.016886934638023293,0.0002851685614688709,0.11844531398038396,0.11688676413735366,1.4048150049922135,-2.901530546859525,-1.4967155418673115,-2.9187463266515064,-2.6703573383599024
air_quality,Air Quality,5,16,16,0.172188401222229,1.711594975652261,0.0439959242939949,0.07530320297077892,0.1890753358602523,0.2314128130674362,0.016886934638023293,0.0002851685614688709,0.05922441184520719,0.003507530958410717,0.14958371481484417,0.10406461031051566,0.5374256700883856,-3.123658279013475,-2.5862326089250893,-2.0414740753962004,-2.8079084207427005
air_quality,Air Quality,5,17,17,0.2314128130674362,0.7068290568557956,0.0568724498152732,0.04019910006400812,0.172188401222229,0.4364012777805328,0.05922441184520719,0.003507530958410717,0.2049884647130966,0.042020270665432444,0.05775115151739352,0.11312217656456551,-0.3469664289447142,-2.86694424111149,-3.213910670056204,-2.9000716394906467,-2.4322862736162016
air_quality,Air Quality,5,18,18,0.4364012777805328,7.885402763353341,0.0364471971988678,0.28740082950843626,0.2314128130674362,0.1579290479421615,0.2049884647130966,0.042020270665432444,0.2784722298383713,0.07754678279115468,0.1637999647862222,0.13430104418107447,2.065013298800313,-3.3118907178634784,-1.2468774190631655,-2.230394044559685,-2.349006899348153
air_quality,Air Quality,5,19,19,0.1579290479421615,1.3389934333847577,0.1078528016805648,0.14441419322242482,0.4364012777805328,,0.2784722298383713,0.07754678279115468,,,0.21590751136543054,0.1573380409316231,0.29191816257883085,-2.226987928908446,-1.9350697663296152,-1.5909735926963904,-2.131952618482995
air_quality,Air Quality,6,0,0,0.4842804968357086,,,,,0.6892654299736023,,,0.20498493313789368,0.04201882281354674,,,,,,,
air_quality,Air Quality,6,1,1,0.6892654299736023,0.3478236133571819,0.0992847606539726,0.03453358420196771,0.4842804968357086,1.2532552480697632,0.20498493313789368,0.04201882281354674,0.5639898180961609,0.31808451491614065,,,-1.0560597858698284,-2.309763187432731,-3.365822973302559,,
air_quality,Air Quality,6,2,2,1.2532552480697632,6.2565534595669305,0.0353049710392952,0.22088743869581265,0.6892654299736023,1.1465247869491575,0.5639898180961609,0.31808451491614065,0.10673046112060569,0.011391391331017122,0.12771051144889017,,1.833629467930906,-3.3437315022862157,-1.5101020343553098,-2.4379625038289343,
air_quality,Air Quality,6,3,3,1.1465247869491575,1.9795877947064036,0.0140055557712912,0.02772522726292789,1.2532552480697632,0.8180506825447083,0.10673046112060569,0.011391391331017122,0.32847410440444924,0.10789523726430501,0.12430633297937027,0.09438208338690275,0.6828886385418343,-4.268301187209451,-3.5854125486676165,-2.5477572915114632,-2.820445852108495
air_quality,Air Quality,6,4,4,0.8180506825447083,2.4913932738600266,0.1723599582910537,0.4294164407691259,1.1465247869491575,0.7108264565467834,0.32847410440444924,0.10789523726430501,0.1072242259979248,0.011497034640854054,0.2285708340160269,0.22600970224262215,0.9128421017235068,-1.758170208216116,-0.8453281064926091,-2.215370327580113,-1.9802808965051784
air_quality,Air Quality,6,5,5,0.7108264565467834,1.0622274224502348,0.2184750884771347,0.2320702301026538,0.8180506825447083,0.3690002858638763,0.1072242259979248,0.011497034640854054,0.34182617068290716,0.11684513096373998,0.33074333543588985,0.22973729937823587,0.06036804532819432,-1.5210832824880196,-1.4607152371598253,-1.1530216718262172,-1.9638186307733505
air_quality,Air Quality,6,6,6,0.3690002858638763,1.1242557923390137,0.0404092334210872,0.04543031473763655,0.7108264565467834,0.3161449432373047,0.34182617068290716,0.11684513096373998,0.0528553426265716,0.0027936872441722766,0.1387502724201452,0.23563899520313872,0.11712129883687389,-3.2086969700769536,-3.0915756712400797,-2.2761454541999524,-1.7992063382975048
air_quality,Air Quality,6,7,7,0.3161449432373047,5.604214429374736,0.0083690313622355,0.046901846320129885,0.3690002858638763,0.4523092806339264,0.0528553426265716,0.0027936872441722766,0.1361643373966217,0.018540726778661032,0.04616608052888324,0.10813413038680676,1.723518891371516,-4.783217128389671,-3.059698237018155,-3.0756369541291173,-2.5373297151393532
air_quality,Air Quality,6,8,8,0.4523092806339264,0.5515807732829217,0.2184025794267654,0.12046666364719996,0.3161449432373047,0.3452561795711517,0.1361643373966217,0.018540726778661032,0.10705310106277471,0.011460366447156657,0.08368425498366494,0.07093294156832215,-0.5949669899360358,-1.52141522461444,-2.116382214550476,-2.588040225784315,-2.7558853742695697
air_quality,Air Quality,6,9,9,0.3452561795711517,18.535913954394573,0.0368609055876731,0.6832505742541707,0.4523092806339264,0.9468539953231812,0.10705310106277471,0.011460366447156657,0.6015978157520294,0.36191993191761274,0.4018586189506853,0.28353969474050017,2.9197101450387852,-3.3006037587114614,-0.38089361367267616,-1.248637914111576,-1.8523246884137692
air_quality,Air Quality,6,10,10,0.9468539953231812,3.457723147762465,0.2200016379356384,0.7607047560357137,0.3452561795711517,0.4035931825637817,0.6015978157520294,0.36191993191761274,0.5432608127593994,0.29513231068000323,0.7219776651449423,0.5214739979790282,1.2406103226804996,-1.5141202874909525,-0.27350996481045287,-0.3272017892415645,-0.923595264344535
air_quality,Air Quality,6,11,11,0.4035931825637817,1.3223779372725062,0.2379487603902816,0.3146581909414504,0.9468539953231812,1.084585666656494,0.5432608127593994,0.29513231068000323,0.6809924840927122,0.4637507633907629,0.5376814734885822,0.5862045070771117,0.2794315835330399,-1.4356999209630206,-1.1562683374299807,-0.7148891511202168,-0.6035573053043699
air_quality,Air Quality,6,12,12,1.084585666656494,2.552364938964743,0.0102333622053265,0.02611927490060228,0.4035931825637817,0.2640912532806396,0.6809924840927122,0.4637507633907629,0.8204944133758543,0.6732110823809873,0.1703887329210264,0.36716074062592213,0.937020356420977,-4.582102091595945,-3.645081735174968,-2.4006750363024745,-1.6916200124718006
air_quality,Air Quality,6,13,13,0.2640912532806396,2.0307261098096205,0.039456196129322,0.08012472767358347,1.084585666656494,0.6779531836509705,0.8204944133758543,0.6732110823809873,0.41386193037033087,0.1712816974098566,0.053122001287092935,0.14030073117187877,0.7083934186599171,-3.2325641811507877,-2.5241707624908707,-3.0846262488329192,-2.441840278365273
air_quality,Air Quality,6,14,14,0.6779531836509705,1.7976856270553447,0.0055718156509101,0.010016372912243107,0.2640912532806396,0.2928992509841919,0.41386193037033087,0.1712816974098566,0.38505393266677856,0.14826653106215204,0.04507055029291335,0.038753458495476324,0.586500074853505,-5.190034308337284,-4.60353423348378,-3.563852497987325,-3.5909289103832065
air_quality,Air Quality,6,15,15,0.2928992509841919,4.074772858899678,0.1073344647884368,0.4373635639444455,0.6779531836509705,0.1848358213901519,0.38505393266677856,0.14826653106215204,0.10806342959404,0.01167770481562604,0.22368996842834435,0.17583488817675738,1.4048150049922135,-2.231805480644908,-0.8269904756526945,-2.715262354568237,-2.651565157209115
air_quality,Air Quality,6,16,16,0.1848358213901519,1.711594975652261,0.0560508258640766,0.09593631193011332,0.2928992509841919,0.3756459951400757,0.10806342959404,0.01167770481562604,0.1908101737499238,0.03640852240647611,0.2666499379372794,0.1811054162622673,0.5374256700883856,-2.881496395137611,-2.3440707250492254,-1.58553060035096,-2.591531811395233
air_quality,Air Quality,6,17,17,0.3756459951400757,0.7068290568557956,0.0812171846628189,0.05740666603570326,0.1848358213901519,0.4386662542819977,0.1908101737499238,0.03640852240647611,0.063020259141922,0.003971553062315003,0.07667148898290835,0.19690218063675405,-0.3469664289447142,-2.5106284204149034,-2.8575948493596175,-2.6008327872044212,-2.009552016687179
air_quality,Air Quality,6,18,18,0.4386662542819977,7.885402763353341,0.0290821436792612,0.22932441613268517,0.3756459951400757,0.2214814573526382,0.063020259141922,0.003971553062315003,0.2171847969293595,0.04716923601724712,0.14336554108419428,0.12755579803283396,2.065013298800313,-3.537630912381034,-1.472617613580721,-2.165106231470169,-2.224761062663188
air_quality,Air Quality,6,19,19,0.2214814573526382,1.3389934333847577,0.1750807911157608,0.23443202961581214,0.4386662542819977,,0.2171847969293595,0.04716923601724712,,,0.2318782228742487,0.17372103726140023,0.29191816257883085,-1.742507748068093,-1.4505895854892623,-1.4616035995349916,-1.9269340161432005
air_quality,Air Quality,7,0,0,0.2704896926879883,,,,,0.3605115413665771,,,0.09002184867858881,0.008103933239510742,,,,,,,
air_quality,Air Quality,7,1,1,0.3605115413665771,0.3478236133571819,0.0454658903181552,0.015814110254962054,0.2704896926879883,0.5582486391067505,0.09002184867858881,0.008103933239510742,0.1977370977401734,0.039099959822706885,,,-1.0560597858698284,-3.0907928974785603,-4.1468526833483885,,
air_quality,Air Quality,7,2,2,0.5582486391067505,6.2565534595669305,0.0345530435442924,0.21618296412560942,0.3605115413665771,0.4452874064445495,0.1977370977401734,0.039099959822706885,0.11296123266220098,0.012760240084563902,0.11599853719028573,,1.833629467930906,-3.365259641612286,-1.53163017368138,-2.8392414285148844,
air_quality,Air Quality,7,3,3,0.4452874064445495,1.9795877947064036,0.008177108131349,0.016187303452812968,0.5582486391067505,0.2710135579109192,0.11296123266220098,0.012760240084563902,0.17427384853363032,0.03037137428272272,0.11618513378921119,0.08272812594446148,0.6828886385418343,-4.806416719926299,-4.123528081384464,-2.827579127532922,-3.267336979471411
air_quality,Air Quality,7,4,4,0.2710135579109192,2.4913932738600266,0.121304452419281,0.3022170968466703,0.4452874064445495,0.3760019838809967,0.17427384853363032,0.03037137428272272,0.10498842597007751,0.011022569587674447,0.15920220014974162,0.17819578814169756,0.9128421017235068,-2.109451757850203,-1.1966096561266961,-2.6600688687555802,-2.28392263706418
air_quality,Air Quality,7,5,5,0.3760019838809967,1.0622274224502348,0.1049212366342544,0.1114502147502952,0.2710135579109192,0.1808098554611206,0.10498842597007751,0.011022569587674447,0.1951921284198761,0.0380999669970814,0.20683365579848276,0.14328487168325948,0.06036804532819432,-2.2545453375941515,-2.194177292265957,-1.6953934741963266,-2.5047716765923727
air_quality,Air Quality,7,6,6,0.1808098554611206,1.1242557923390137,0.0338784717023372,0.03808806804694597,0.3760019838809967,0.182154044508934,0.1951921284198761,0.0380999669970814,0.0013441890478133878,1.8068441962614622e-06,0.07476914139862059,0.1505851265479705,0.11712129883687389,-3.3849755193262023,-3.2678542204893284,-2.7310157563776425,-2.219547056293994
air_quality,Air Quality,7,7,7,0.182154044508934,5.604214429374736,0.0112950671464204,0.06329997828272572,0.1808098554611206,0.2918124496936798,0.0013441890478133878,1.8068441962614622e-06,0.10965840518474582,0.012024965827661889,0.050694023164835844,0.07094608702665563,1.723518891371516,-4.48338918419977,-2.759870292828254,-3.013862256658791,-2.740633935194513
air_quality,Air Quality,7,8,8,0.2918124496936798,0.5515807732829217,0.172131136059761,0.09494422513391076,0.182154044508934,0.1585421413183212,0.10965840518474582,0.012024965827661889,0.1332703083753586,0.01776097509446318,0.07912210170831824,0.06544409048786082,-0.5949669899360358,-1.7594986737044624,-2.3544656636404984,-2.557167978234376,-2.79406339231936
air_quality,Air Quality,7,9,9,0.1585421413183212,18.535913954394573,0.035012487322092,0.6489884523316282,0.2918124496936798,0.8403335213661194,0.1332703083753586,0.01776097509446318,0.6817913800477982,0.46483948590748114,0.37196633873276946,0.26907755191608823,2.9197101450387852,-3.352050500464037,-0.43234035542525184,-1.393403009532875,-1.848892103964668
air_quality,Air Quality,7,10,10,0.8403335213661194,3.457723147762465,0.2423275262117386,0.837901496722344,0.1585421413183212,0.2508932054042816,0.6817913800477982,0.46483948590748114,0.5894403159618378,0.34743988608119114,0.7434449745269861,0.5272780580626276,1.2406103226804996,-1.4174650537625662,-0.1768547310820665,-0.3045975432536592,-0.9878869167159389
air_quality,Air Quality,7,11,11,0.2508932054042816,1.3223779372725062,0.2462843656539917,0.3256810114359932,0.8403335213661194,0.621545672416687,0.5894403159618378,0.34743988608119114,0.3706524670124054,0.13738325130238227,0.5817912540791687,0.6041903201633217,0.2794315835330399,-1.4012684527076087,-1.1218368691745688,-0.6493458001283177,-0.5770106518939624
air_quality,Air Quality,7,12,12,0.621545672416687,2.552364938964743,0.007689397316426,0.019626148112215306,0.2508932054042816,0.3112759292125702,0.3706524670124054,0.13738325130238227,0.3102697432041168,0.0962673135479486,0.17265357977410425,0.3944028854235175,0.937020356420977,-4.867912870782143,-3.9308925143611657,-2.526364691767867,-1.7431947048726002
air_quality,Air Quality,7,13,13,0.3112759292125702,2.0307261098096205,0.0549167953431606,0.11152097017042761,0.621545672416687,0.888835608959198,0.3102697432041168,0.0962673135479486,0.5775596797466278,0.3335751836690273,0.06557355914132146,0.15227604323954538,0.7083934186599171,-2.901936051129363,-2.193542632469446,-3.062217573415306,-2.41542400533506
air_quality,Air Quality,7,14,14,0.888835608959198,1.7976856270553447,0.0096383234485983,0.017326675532455666,0.3112759292125702,0.1944684088230133,0.5775596797466278,0.3335751836690273,0.6943672001361847,0.48214580862496437,0.06442382285144164,0.049491264605032864,0.586500074853505,-4.642008101501601,-4.055508026648096,-3.1245253295587707,-3.3933143911595693
air_quality,Air Quality,7,15,15,0.1944684088230133,4.074772858899678,0.0858990475535392,0.35001910757649435,0.888835608959198,0.2011959552764892,0.6943672001361847,0.48214580862496437,0.006727546453475897,4.5259881283676116e-05,0.18367289155447503,0.1596222510931259,1.4048150049922135,-2.4545825378934536,-1.0497675329012401,-2.5526377797746678,-2.432939397339594
air_quality,Air Quality,7,16,16,0.2011959552764892,1.711594975652261,0.048916820436716,0.08372578408436696,0.1944684088230133,0.2456220686435699,0.006727546453475897,4.5259881283676116e-05,0.04442611336708069,0.0019736795489047054,0.2168724458304307,0.15035718906443898,0.5374256700883856,-3.017633965416161,-2.4802082953277753,-1.7649879141145082,-2.5284946182923704
air_quality,Air Quality,7,17,17,0.2456220686435699,0.7068290568557956,0.0622994042932987,0.04403502917931022,0.2011959552764892,0.4246652722358703,0.04442611336708069,0.0019736795489047054,0.17904320359230042,0.032056468752593936,0.06388040663183861,0.15925997361339053,-0.3469664289447142,-2.775803415123711,-3.1227698440684253,-2.8014890696981007,-2.2175818907658136
air_quality,Air Quality,7,18,18,0.4246652722358703,7.885402763353341,0.0467899590730667,0.36895767257194984,0.2456220686435699,0.1671099066734314,0.17904320359230042,0.032056468752593936,0.2575553655624389,0.06633476633000154,0.20649635087563006,0.1655728286118757,2.065013298800313,-3.062086648777045,-0.9970733499767319,-2.059921597022579,-2.200017163124311
air_quality,Air Quality,7,19,19,0.1671099066734314,1.3389934333847577,0.1570862680673599,0.21033748141711267,0.4246652722358703,,0.2575553655624389,0.06633476633000154,,,0.28964757699453125,0.20777672772279096,0.29191816257883085,-1.850960146399246,-1.559041983820415,-1.278057666898574,-1.8929617259551907
air_quality,Air Quality,8,0,0,0.4237631261348724,,,,,0.5273353457450867,,,0.10357221961021429,0.010727204674986458,,,,,,,
air_quality,Air Quality,8,1,1,0.5273353457450867,0.3478236133571819,0.0632578283548355,0.022002566431507282,0.4237631261348724,0.8061057925224304,0.10357221961021429,0.010727204674986458,0.27877044677734375,0.07771296199643984,,,-1.0560597858698284,-2.7605363905614855,-3.8165961764313137,,
air_quality,Air Quality,8,2,2,0.8061057925224304,6.2565534595669305,0.0303444173187017,0.1898514691538658,0.5273353457450867,0.5692744255065918,0.27877044677734375,0.07771296199643984,0.23683136701583862,0.056089096402590854,0.10592701779268654,,1.833629467930906,-3.495142721733951,-1.6615132538030448,-2.739054715117179,
air_quality,Air Quality,8,3,3,0.5692744255065918,1.9795877947064036,0.0047352025285363,0.00937374913095336,0.8061057925224304,0.4734807312488556,0.23683136701583862,0.056089096402590854,0.0957936942577362,0.009176431859544643,0.09961260914240957,0.07374259490544215,0.6828886385418343,-5.352730780389494,-4.669842141847659,-3.165677697825352,-3.3826505240273392
air_quality,Air Quality,8,4,4,0.4734807312488556,2.4913932738600266,0.1253554373979568,0.3123096935750512,0.5692744255065918,0.5112240314483643,0.0957936942577362,0.009176431859544643,0.03774330019950867,0.001424556709950231,0.16084172135300226,0.17051163728662344,0.9128421017235068,-2.076602077584622,-1.1637599758611152,-2.916801058854387,-2.4983717905039398
air_quality,Air Quality,8,5,5,0.5112240314483643,1.0622274224502348,0.1741483360528946,0.18498513812946352,0.4734807312488556,0.2251932770013809,0.03774330019950867,0.001424556709950231,0.28603075444698334,0.08181359248951048,0.24864741585225736,0.16888952694515602,0.06036804532819432,-1.7478478368876387,-1.6874797915594444,-1.4256198837102798,-2.5070273030894064
air_quality,Air Quality,8,6,6,0.2251932770013809,1.1242557923390137,0.0463185794651508,0.05207393125661068,0.5112240314483643,0.1662862449884414,0.28603075444698334,0.08181359248951048,0.05890703201293948,0.003470038420573477,0.11852953469303709,0.18312292098704178,0.11712129883687389,-3.072212114016879,-2.955090815180005,-2.3212853033697245,-1.9354435275335213
air_quality,Air Quality,8,7,7,0.1662862449884414,5.604214429374736,0.0063803042285144,0.03575659302124104,0.2251932770013809,0.2831557393074035,0.05890703201293948,0.003470038420573477,0.1168694943189621,0.013658478702369914,0.04391526213892586,0.09093855413577175,1.723518891371516,-5.054539497885461,-3.331020606513945,-3.143055710846975,-2.6578637377511316
air_quality,Air Quality,8,8,8,0.2831557393074035,0.5515807732829217,0.1840485036373138,0.10151761595783415,0.1662862449884414,0.2303532361984253,0.1168694943189621,0.013658478702369914,0.052802503108978216,0.002788104334573654,0.0686371044895376,0.06311604674522862,-0.5949669899360358,-1.6925559493813345,-2.28752293931737,-2.8092717729156576,-2.857878120337107
air_quality,Air Quality,8,9,9,0.2303532361984253,18.535913954394573,0.0296763908118009,0.5500790265645272,0.2831557393074035,0.8471406102180481,0.052802503108978216,0.002788104334573654,0.6167873740196228,0.38042666475002207,0.3257983212611807,0.2291177451812008,2.9197101450387852,-3.517403471419531,-0.5976933263807456,-1.4426081328490579,-2.07207895740402
air_quality,Air Quality,8,10,10,0.8471406102180481,3.457723147762465,0.2313756644725799,0.800032990875761,0.2303532361984253,0.3112693428993225,0.6167873740196228,0.38042666475002207,0.5358712673187256,0.28715801513777706,0.675056008720144,0.48387654446604084,1.2406103226804996,-1.4637126362456845,-0.22310231356518484,-0.4103978199729652,-1.0361061930877669
air_quality,Air Quality,8,11,11,0.3112693428993225,1.3223779372725062,0.1978349536657333,0.26161257794889425,0.8471406102180481,0.8839964866638184,0.5358712673187256,0.28715801513777706,0.5727271437644958,0.3280163812046375,0.5308227844123277,0.5372415317963942,0.2794315835330399,-1.620322163237772,-1.3408905797047321,-0.7819964466349585,-0.7205620732168875
air_quality,Air Quality,8,12,12,0.8839964866638184,2.552364938964743,0.0123234717175364,0.031453997138163534,0.3112693428993225,0.202855184674263,0.5727271437644958,0.3280163812046375,0.6811413019895554,0.46395347327602665,0.1465332875435289,0.3643665219876062,0.937020356420977,-4.396249565237865,-3.4592292088168874,-2.40005989426081,-1.6744073673622681
air_quality,Air Quality,8,13,13,0.202855184674263,2.0307261098096205,0.0290723592042922,0.05903799890992022,0.8839964866638184,0.7499496936798096,0.6811413019895554,0.46395347327602665,0.5470945090055466,0.2993124017840201,0.045245998024041875,0.11736819133232601,0.7083934186599171,-3.53796741169152,-2.829573993031603,-3.1444016009242453,-2.543231260517741
air_quality,Air Quality,8,14,14,0.7499496936798096,1.7976856270553447,0.0078664924949407,0.014141480493493636,0.202855184674263,0.2584811747074127,0.5470945090055466,0.2993124017840201,0.49146851897239685,0.2415413051409212,0.036589739701706925,0.03487782551385913,0.586500074853505,-4.8451429962103045,-4.2586429213568,-3.544108457194201,-3.5158153744017633
air_quality,Air Quality,8,15,15,0.2584811747074127,4.074772858899678,0.0935857221484184,0.38134056059090177,0.7499496936798096,0.175842747092247,0.49146851897239685,0.2415413051409212,0.08263842761516571,0.006829109718706983,0.1977410205421977,0.15150667999810521,1.4048150049922135,-2.368877448272866,-0.9640624432806524,-2.611352682318726,-2.684093119223018
air_quality,Air Quality,8,16,16,0.175842747092247,1.711594975652261,0.0559892691671848,0.09583095179699556,0.2584811747074127,0.3098053336143493,0.08263842761516571,0.006829109718706983,0.1339625865221023,0.017945974587691746,0.23858575619394867,0.16377099762713032,0.5374256700883856,-2.8825952286055285,-2.345169558517143,-1.6546160008988982,-2.5226249743848648
air_quality,Air Quality,8,17,17,0.3098053336143493,0.7068290568557956,0.0661204904317855,0.0467358838907416,0.175842747092247,0.4089566171169281,0.1339625865221023,0.017945974587691746,0.09915128350257879,0.009830977020208752,0.07128341784386857,0.1746357987595463,-0.3469664289447142,-2.7162765887430664,-3.0632430176877805,-2.704206288102462,-2.1241583398285253
air_quality,Air Quality,8,18,18,0.4089566171169281,7.885402763353341,0.030085464939475,0.2372360083705062,0.3098053336143493,0.1271506994962692,0.09915128350257879,0.009830977020208752,0.2818059176206589,0.07941457520602158,0.1419859461306239,0.12660094801941446,2.065013298800313,-3.5037131162003856,-1.4386998174000727,-2.2509714175439273,-2.282370797868332
air_quality,Air Quality,8,19,19,0.1271506994962692,1.3389934333847577,0.10663802921772,0.14278762087161903,0.4089566171169281,,0.2818059176206589,0.07941457520602158,,,0.19001181462106262,0.14225317104428895,0.29191816257883085,-2.2383150839771275,-1.9463969213982968,-1.6925483693991852,-2.1494465854953835
air_quality,Air Quality,9,0,0,0.3061094284057617,,,,,0.3742227256298065,,,0.0681132972240448,0.004639421258731069,,,,,,,
air_quality,Air Quality,9,1,1,0.3742227256298065,0.3478236133571819,0.0522680729627609,0.018180070001124322,0.3061094284057617,0.7086683511734009,0.0681132972240448,0.004639421258731069,0.33444562554359436,0.11185387644524614,,,-1.0560597858698284,-2.9513695539014995,-4.007429339771328,,
air_quality,Air Quality,9,2,2,0.7086683511734009,6.2565534595669305,0.054586861282587,0.34152561580446983,0.3742227256298065,0.5446205139160156,0.33444562554359436,0.11185387644524614,0.16404783725738525,0.026911692908825557,0.17985284290279707,,1.833629467930906,-2.907962061020465,-1.074332593089559,-2.5408809664304433,
air_quality,Air Quality,9,3,3,0.5446205139160156,1.9795877947064036,0.0077275731600821,0.015297409510399318,0.7086683511734009,0.3678850829601288,0.16404783725738525,0.026911692908825557,0.17673543095588684,0.031235412555163045,0.17841151265743457,0.1250010317719978,0.6828886385418343,-4.862960416376538,-4.180071777834703,-2.627202185462131,-3.0872779035651967
air_quality,Air Quality,9,4,4,0.3678850829601288,2.4913932738600266,0.1120244190096855,0.2790968840288078,0.5446205139160156,0.3547497987747192,0.17673543095588684,0.031235412555163045,0.013135284185409601,0.00017253569063147158,0.14719714676960355,0.21197330311455898,0.9128421017235068,-2.1890384045703284,-1.2761963028468215,-2.7281340403407626,-2.1768668912570277
air_quality,Air Quality,9,5,5,0.3547497987747192,1.0622274224502348,0.178920105099678,0.19005384206455608,0.3678850829601288,0.1862777918577194,0.013135284185409601,0.00017253569063147158,0.1684720069169998,0.028382817114641624,0.23457536304668192,0.16148271186792107,0.06036804532819432,-1.7208159130005036,-1.6604478676723093,-1.4683220852595653,-2.372238649451278
air_quality,Air Quality,9,6,6,0.1862777918577194,1.1242557923390137,0.0410571731626987,0.04615876474522992,0.3547497987747192,0.16070057451725,0.1684720069169998,0.028382817114641624,0.025577217340469388,0.000654194046881608,0.118106303404893,0.17176983027953127,0.11712129883687389,-3.192789716237298,-3.075668417400424,-2.3680581425363663,-2.0041041959731847
air_quality,Air Quality,9,7,7,0.16070057451725,5.604214429374736,0.0085740378126502,0.04805074642765885,0.1862777918577194,0.2512136995792389,0.025577217340469388,0.000654194046881608,0.09051312506198889,0.008192625808487241,0.047104755586444384,0.09475445107914827,1.723518891371516,-4.759016500546634,-3.0354976091751182,-3.055583013287771,-2.590537964749284
air_quality,Air Quality,9,8,8,0.2512136995792389,0.5515807732829217,0.1708970665931701,0.09426353614324373,0.16070057451725,0.1949398070573806,0.09051312506198889,0.008192625808487241,0.0562738925218583,0.0031667509795616595,0.0711571412854513,0.0628243491053775,-0.5949669899360358,-1.7666938534656553,-2.3616608434016912,-2.6985792262884045,-2.8242756233257444
air_quality,Air Quality,9,9,9,0.1949398070573806,18.535913954394573,0.0337678268551826,0.625917533014559,0.2512136995792389,0.7806749939918518,0.0562738925218583,0.0031667509795616595,0.5857351869344712,0.34308570921315995,0.3600905345789014,0.25607727186182055,2.9197101450387852,-3.388246797967626,-0.4685366529288406,-1.4150987481652657,-1.9552317018352168
air_quality,Air Quality,9,10,10,0.7806749939918518,3.457723147762465,0.219236209988594,0.758058118105274,0.1949398070573806,0.2413854897022247,0.5857351869344712,0.34308570921315995,0.5392895042896271,0.2908331694369517,0.6919878255599166,0.49274639575435897,1.2406103226804996,-1.5176055459925328,-0.2769952233120332,-0.3727659381204367,-1.0357309065475218
air_quality,Air Quality,9,11,11,0.2413854897022247,1.3223779372725062,0.2174756675958633,0.2875850247223789,0.7806749939918518,0.8699599504470825,0.5392895042896271,0.2908331694369517,0.6285744607448578,0.39510585270068876,0.5228215714138265,0.557186891947404,0.2794315835330399,-1.525668307829532,-1.2462367242964922,-0.7616159738042625,-0.6639228668457887
air_quality,Air Quality,9,12,12,0.8699599504470825,2.552364938964743,0.0104971854016184,0.02679264797690334,0.2413854897022247,0.2395419925451278,0.6285744607448578,0.39510585270068876,0.6304179579019547,0.39742680164527067,0.15718883634964112,0.3574785969348521,0.937020356420977,-4.5566481146458155,-3.6196277582248384,-2.432932241260665,-1.7142865686111213
air_quality,Air Quality,9,13,13,0.2395419925451278,2.0307261098096205,0.0415007472038269,0.08427665092341988,0.8699599504470825,0.7770629525184631,0.6304179579019547,0.39742680164527067,0.5375209599733353,0.2889287824106559,0.05553464945016161,0.13288477454090072,0.7083934186599171,-3.1820438469719834,-2.4736504283120664,-3.0466390932684524,-2.446504970277799
air_quality,Air Quality,9,14,14,0.7770629525184631,1.7976856270553447,0.0088922092691063,0.015985396795840708,0.2395419925451278,0.2386569231748581,0.5375209599733353,0.2889287824106559,0.538406029343605,0.2898810524335469,0.050131023859630294,0.04235156523205464,0.586500074853505,-4.722579748507291,-4.136079673653787,-3.304865050982926,-3.409785953396897
air_quality,Air Quality,9,15,15,0.2386569231748581,4.074772858899678,0.0720482617616653,0.2935803015573333,0.7770629525184631,0.1657470315694809,0.538406029343605,0.2898810524335469,0.0729098916053772,0.005315852293907852,0.154782849176587,0.13128078309219796,1.4048150049922135,-2.630419082259061,-1.2256040772668477,-2.6808418754603167,-2.6117780597442333
air_quality,Air Quality,9,16,16,0.1657470315694809,1.711594975652261,0.0422648303210735,0.07234027122434473,0.2386569231748581,0.2873398661613464,0.0729098916053772,0.005315852293907852,0.12159283459186548,0.014784817424084759,0.182960286390839,0.12730198985917293,0.5374256700883856,-3.1637999732295934,-2.626374303141208,-1.925989190204027,-2.6626860180206138
air_quality,Air Quality,9,17,17,0.2873398661613464,0.7068290568557956,0.0559559054672718,0.03955125988694378,0.1657470315694809,0.3934548795223236,0.12159283459186548,0.014784817424084759,0.10611501336097723,0.011260396060600376,0.05594576555564426,0.1351572775562073,-0.3469664289447142,-2.883191300763336,-3.23015772970805,-2.928266016424628,-2.3607120367053684
air_quality,Air Quality,9,18,18,0.3934548795223236,7.885402763353341,0.0337534807622432,0.26615979047538635,0.2873398661613464,0.1382961571216583,0.10611501336097723,0.011260396060600376,0.2551587224006653,0.06510597361713977,0.15285552518116508,0.1260171071955583,2.065013298800313,-3.3886717332557907,-1.3236584344554778,-2.2769080820817633,-2.393396822434912
air_quality,Air Quality,9,19,19,0.1382961571216583,1.3389934333847577,0.1500396132469177,0.2009020568852115,0.3934548795223236,,0.2551587224006653,0.06510597361713977,,,0.23353092368029893,0.16887103574918058,0.29191816257883085,-1.896855931431612,-1.604937768852781,-1.4642981016541285,-2.052917977672103
tetouan_zone1_power,Tetouan,0,2017-07,0,25164866.0,,,,,33730312.0,,,8565446.0,73366865178916.0,,,,,,,
tetouan_zone1_power,Tetouan,0,2017-08,1,33730312.0,7.547723604139037,0.0099977664649486,0.07546037793616225,25164866.0,41937956.0,8565446.0,73366865178916.0,8207644.0,67365420030736.0,,,2.0212460084124144,-4.605393564340318,-2.5841475559279035,,
tetouan_zone1_power,Tetouan,0,2017-09,2,41937956.0,4.83663022541441,0.0099143013358116,0.047951809504652845,33730312.0,35775916.0,8207644.0,67365420030736.0,6162040.0,37970736961600.0,0.06170609372040755,,1.5762182438264971,-4.613776984766838,-3.0375587409403413,-2.8108531484341226,
tetouan_zone1_power,Tetouan,0,2017-10,3,35775916.0,3.3011798121232356,0.0187771487981081,0.06198674454154854,41937956.0,42174160.0,6162040.0,37970736961600.0,6398244.0,40937526283536.0,0.05496927702310069,0.06179964399412121,1.1942799234033339,-3.975114637861769,-2.780834714458435,-2.9091967276993884,-2.80084700377556
tetouan_zone1_power,Tetouan,0,2017-11,4,42174160.0,7.8443155122209305,0.0178520902991294,0.14003742885902953,35775916.0,20419036.0,6398244.0,40937526283536.0,21755124.0,473285420255376.0,0.10101208670028904,0.08332532763507697,2.0597891309088854,-4.02563467396388,-1.965845543054995,-2.3733401287567153,-2.5947463328179237
tetouan_zone1_power,Tetouan,0,2017-12,5,20419036.0,10.922748076382106,0.0081150857731699,0.08863903751856733,42174160.0,,21755124.0,473285420255376.0,,,0.11433823318879843,0.09688773697304846,2.390847594003302,-4.81403050824151,-2.423182914238208,-2.1945142286466015,-2.3899543905838794
tetouan_zone1_power,Tetouan,1,2017-07,0,155595968.0,,,,,220149776.0,,,64553808.0,4167194127300864.0,,,,,,,
tetouan_zone1_power,Tetouan,1,2017-08,1,220149776.0,7.547723604139037,0.0105630401521921,0.07972690748816871,155595968.0,132865776.0,64553808.0,4167194127300864.0,87284000.0,7618496656000000.0,,,2.0212460084124144,-4.550394148842638,-2.529148140430223,,
tetouan_zone1_power,Tetouan,1,2017-09,2,132865776.0,4.83663022541441,0.0079563716426491,0.03848202757146674,220149776.0,97707272.0,87284000.0,7618496656000000.0,35158504.0,1236120403518016.0,0.059104467529817725,,1.5762182438264971,-4.8337822067072045,-3.2575639628807074,-2.8933560516554655,
tetouan_zone1_power,Tetouan,1,2017-10,3,97707272.0,3.3011798121232356,0.0230552516877651,0.07610953143507031,132865776.0,17504714.0,35158504.0,1236120403518016.0,80202558.0,6432450309743364.0,0.05729577950326852,0.06477282216490192,1.1942799234033339,-3.7698616964988627,-2.5755817730955286,-2.916572867988118,-2.7874312921354867
tetouan_zone1_power,Tetouan,1,2017-11,4,17504714.0,7.8443155122209305,0.0284265652298927,0.22298694659200743,97707272.0,11344699.0,80202558.0,6432450309743364.0,6160015.0,37945784800225.0,0.14954823901353886,0.11252616853284818,2.0597891309088854,-3.5604311755707148,-1.5006420446618294,-2.0381119088786788,-2.444595926879355
tetouan_zone1_power,Tetouan,1,2017-12,5,11344699.0,10.922748076382106,0.0118167474865913,0.12907135587825821,17504714.0,,6160015.0,37945784800225.0,,,0.17602915123513282,0.14272261130177866,2.390847594003302,-4.4382374751250095,-2.0473898811217075,-1.7740159628917684,-2.041204566293022
tetouan_zone1_power,Tetouan,2,2017-07,0,58528432.0,,,,,87400584.0,,,28872152.0,833601161111104.0,,,,,,,
tetouan_zone1_power,Tetouan,2,2017-08,1,87400584.0,7.547723604139037,0.0081786923110485,0.06173050900709122,58528432.0,47314320.0,28872152.0,833601161111104.0,40086264.0,1606908561477696.0,,,2.0212460084124144,-4.806223005199851,-2.784976996787437,,
tetouan_zone1_power,Tetouan,2,2017-09,2,47314320.0,4.83663022541441,0.0087246177718043,0.0421977500202964,87400584.0,46137080.0,40086264.0,1606908561477696.0,1177240.0,1385894017600.0,0.05196412951369381,,1.5762182438264971,-4.741606620127835,-3.165388376301338,-2.9751826865443878,
tetouan_zone1_power,Tetouan,2,2017-10,3,46137080.0,3.3011798121232356,0.0133609706535935,0.04410696659201386,47314320.0,10281844.0,1177240.0,1385894017600.0,35855236.0,1285597948615696.0,0.04315235830615513,0.04934507520646716,1.1942799234033339,-4.315417459725857,-3.1211375363225233,-3.143262956311931,-3.0238343031370998
tetouan_zone1_power,Tetouan,2,2017-11,4,10281844.0,7.8443155122209305,0.0115477824583649,0.09058444906990454,46137080.0,9736729.0,35855236.0,1285597948615696.0,545115.0,297150363225.0,0.0673457078309592,0.058963055227404935,2.0597891309088854,-4.461261855307889,-2.4014727243990035,-2.761305130360763,-2.895999545674288
tetouan_zone1_power,Tetouan,2,2017-12,5,9736729.0,10.922748076382106,0.0111333597451448,0.12160688373995035,10281844.0,,545115.0,297150363225.0,,,0.10609566640492744,0.08543276646728959,2.390847594003302,-4.497809295262191,-2.106961701258889,-2.254217212828946,-2.543190653993472
tetouan_zone1_power,Tetouan,3,2017-07,0,210000048.0,,,,,328063872.0,,,118063824.0,1.3939066537502976e+16,,,,,,,
tetouan_zone1_power,Tetouan,3,2017-08,1,328063872.0,7.547723604139037,0.0245346650481224,0.18518087050335846,210000048.0,206326928.0,118063824.0,1.3939066537502976e+16,121736944.0,1.4819883534459136e+16,,,2.0212460084124144,-3.7076682614950487,-1.6864222530826343,,
tetouan_zone1_power,Tetouan,3,2017-09,2,206326928.0,4.83663022541441,0.0054096318781375,0.026164389050165156,328063872.0,148270448.0,121736944.0,1.4819883534459136e+16,58056480.0,3370554869990400.0,0.10567262977676181,,1.5762182438264971,-5.219574232960599,-3.643355989134102,-2.6648891211083683,
tetouan_zone1_power,Tetouan,3,2017-10,3,148270448.0,3.3011798121232356,0.0544121041893959,0.17962413988517986,206326928.0,17926470.0,58056480.0,3370554869990400.0,130343978.0,1.6989552600864484e+16,0.10289426446767251,0.13032313314623448,1.1942799234033339,-2.911168646370548,-1.7168887229672143,-2.680122356050658,-2.34888898839465
tetouan_zone1_power,Tetouan,3,2017-11,4,17926470.0,7.8443155122209305,0.060281328856945,0.4728657630498249,148270448.0,11958498.0,130343978.0,1.6989552600864484e+16,5967972.0,35616689792784.0,0.3262449514675024,0.22621809732838996,2.0597891309088854,-2.8087328607099398,-0.7489437298010544,-1.2329162263841345,-2.03639614730079
tetouan_zone1_power,Tetouan,3,2017-12,5,11958498.0,10.922748076382106,0.0153050851076841,0.16717358891882092,17926470.0,,5967972.0,35616689792784.0,,,0.3200196759843229,0.2732211639512752,2.390847594003302,-4.1795701457584,-1.788722551755098,-1.2688331407780762,-1.4181850015077888
tetouan_zone1_power,Tetouan,4,2017-07,0,52474348.0,,,,,67654992.0,,,15180644.0,230451952254736.0,,,,,,,
tetouan_zone1_power,Tetouan,4,2017-08,1,67654992.0,7.547723604139037,0.0044291471131145,0.033429978211858585,52474348.0,48511224.0,15180644.0,230451952254736.0,19143768.0,366483853237824.0,,,2.0212460084124144,-5.419548238491003,-3.3983022300785883,,
tetouan_zone1_power,Tetouan,4,2017-09,2,48511224.0,4.83663022541441,0.0188844185322523,0.09133694946246751,67654992.0,50143224.0,19143768.0,366483853237824.0,1632000.0,2663424000000.0,0.06238346383716305,,1.5762182438264971,-3.969418113164528,-2.393199869338031,-2.8957510497083097,
tetouan_zone1_power,Tetouan,4,2017-10,3,50143224.0,3.3011798121232356,0.0083542130887508,0.02757875959475984,48511224.0,15861731.0,1632000.0,2663424000000.0,34281493.0,1175220762309049.0,0.05945785452861367,0.050781895756361974,1.1942799234033339,-4.784989305720997,-3.5907093823176632,-2.991954625827847,-3.127403827244761
tetouan_zone1_power,Tetouan,4,2017-11,4,15861731.0,7.8443155122209305,0.0100795133039355,0.07906688256569848,50143224.0,13737493.0,34281493.0,1175220762309049.0,2124238.0,4512387080644.0,0.05332282108022916,0.06599419720764195,2.0597891309088854,-4.597250300745113,-2.5374611698362277,-3.0640852760769457,-2.840456807163974
tetouan_zone1_power,Tetouan,4,2017-12,5,13737493.0,10.922748076382106,0.0148539347574114,0.16224578729822067,15861731.0,,2124238.0,4512387080644.0,,,0.12065633493195958,0.08963047648622634,2.390847594003302,-4.209490481934567,-1.8186428879312646,-2.178052028883746,-2.6489378133617185
tetouan_zone1_power,Tetouan,5,2017-07,0,42063680.0,,,,,50926076.0,,,8862396.0,78542062860816.0,,,,,,,
tetouan_zone1_power,Tetouan,5,2017-08,1,50926076.0,7.547723604139037,0.0020699484739452,0.015623398956147765,42063680.0,24802042.0,8862396.0,78542062860816.0,26124034.0,682465152433156.0,,,2.0212460084124144,-6.180231563345475,-4.158985554933061,,
tetouan_zone1_power,Tetouan,5,2017-09,2,24802042.0,4.83663022541441,0.0030442161951214,0.014723748062020215,50926076.0,26540004.0,26124034.0,682465152433156.0,1737962.0,3020511913444.0,0.01517357350908399,,1.5762182438264971,-5.794511817811791,-4.218293573985294,-4.188639564459177,
tetouan_zone1_power,Tetouan,5,2017-10,3,26540004.0,3.3011798121232356,0.0076374309137463,0.0252125327489452,24802042.0,14836024.0,1737962.0,3020511913444.0,11703980.0,136983147840400.0,0.019968140405482705,0.018519893255704394,1.1942799234033339,-4.874694000057734,-3.6804140766544,-3.949353825319847,-4.019231068524252
tetouan_zone1_power,Tetouan,5,2017-11,4,14836024.0,7.8443155122209305,0.0047790869139134,0.03748866561306294,26540004.0,17068834.0,11703980.0,136983147840400.0,2232810.0,4985440496100.0,0.031350599181004066,0.025808315474676116,2.0597891309088854,-5.34350577271044,-3.2837166418015546,-3.4820653592279776,-3.727474764147083
tetouan_zone1_power,Tetouan,5,2017-12,5,17068834.0,10.922748076382106,0.0080279745161533,0.08768754320355802,14836024.0,,2232810.0,4985440496100.0,,,0.06258810440831047,0.05012958052185538,2.390847594003302,-4.82482302229906,-2.4339754282957577,-2.858846035048656,-3.132702048917237
tetouan_zone1_power,Tetouan,6,2017-07,0,46920688.0,,,,,66242272.0,,,19321584.0,373323608269056.0,,,,,,,
tetouan_zone1_power,Tetouan,6,2017-08,1,66242272.0,7.547723604139037,0.0060907159931957,0.04597104086795033,46920688.0,32062680.0,19321584.0,373323608269056.0,34179592.0,1168244509286464.0,,,2.0212460084124144,-5.100989635337557,-3.0797436269251426,,
tetouan_zone1_power,Tetouan,6,2017-09,2,32062680.0,4.83663022541441,0.0082358662039041,0.03983383941427161,66242272.0,36614664.0,34179592.0,1168244509286464.0,4551984.0,20720558336256.0,0.04290244014111097,,1.5762182438264971,-4.799256735103465,-3.223038491276968,-3.151391059101055,
tetouan_zone1_power,Tetouan,6,2017-10,3,36614664.0,3.3011798121232356,0.0179167315363883,0.059146352447156776,32062680.0,14463092.0,4551984.0,20720558336256.0,22151572.0,490692142071184.0,0.0494900959307142,0.04831707757645957,1.1942799234033339,-4.022020279957589,-2.827740356554255,-3.0253894239156116,-3.043507491585455
tetouan_zone1_power,Tetouan,6,2017-11,4,14463092.0,7.8443155122209305,0.0066746659576892,0.05235818571079437,36614664.0,15581490.0,22151572.0,490692142071184.0,1118398.0,1250814086404.0,0.05575226907897557,0.05044612585740759,2.0597891309088854,-5.009436119590116,-2.94964698868123,-2.888693672617743,-3.0001419455041507
tetouan_zone1_power,Tetouan,6,2017-12,5,15581490.0,10.922748076382106,0.008441642858088,0.09220593828968544,14463092.0,,1118398.0,1250814086404.0,,,0.07228206200023991,0.0679034921492122,2.390847594003302,-4.774578337765716,-2.383730743762414,-2.666688866221822,-2.720372696332633
tetouan_zone1_power,Tetouan,7,2017-07,0,169863728.0,,,,,264627376.0,,,94763648.0,8980148982267904.0,,,,,,,
tetouan_zone1_power,Tetouan,7,2017-08,1,264627376.0,7.547723604139037,0.0200309995561838,0.15118844816470706,169863728.0,186028784.0,94763648.0,8980148982267904.0,78598592.0,6177738664382464.0,,,2.0212460084124144,-3.9104742275448405,-1.8892282191324261,,
tetouan_zone1_power,Tetouan,7,2017-09,2,186028784.0,4.83663022541441,0.0057317097671329,0.027722160703017976,264627376.0,143029040.0,78598592.0,6177738664382464.0,42999744.0,1848977984065536.0,0.08945530443386251,,1.5762182438264971,-5.16174140391068,-3.585523160084183,-2.737375689608305,
tetouan_zone1_power,Tetouan,7,2017-10,3,143029040.0,3.3011798121232356,0.0234092213213443,0.07727804884354661,186028784.0,19881876.0,42999744.0,1848977984065536.0,123147164.0,1.5165224001242896e+16,0.05250010477328229,0.08539621923709055,1.1942799234033339,-3.754625260640634,-2.5603453372373,-3.072934248660742,-2.678365572151303
tetouan_zone1_power,Tetouan,7,2017-11,4,19881876.0,7.8443155122209305,0.0503330416977405,0.3948282597668487,143029040.0,10602397.0,123147164.0,1.5165224001242896e+16,9279479.0,86108730511441.0,0.23605315430519766,0.16660948977113776,2.0597891309088854,-2.9890935249168664,-0.929304394007981,-1.7448248656226406,-2.358390963776488
tetouan_zone1_power,Tetouan,7,2017-12,5,10602397.0,10.922748076382106,0.0148875303566455,0.16261274356512986,19881876.0,,9279479.0,86108730511441.0,,,0.2787205016659893,0.21157301739184173,2.390847594003302,-4.20723130516624,-1.816383711162938,-1.3728440525854595,-1.7686778141360733
tetouan_zone1_power,Tetouan,8,2017-07,0,24419382.0,,,,,28748772.0,,,4329390.0,18743617772100.0,,,,,,,
tetouan_zone1_power,Tetouan,8,2017-08,1,28748772.0,7.547723604139037,0.0025337664410471,0.01912416877446656,24419382.0,11469359.0,4329390.0,18743617772100.0,17279413.0,298578113624569.0,,,2.0212460084124144,-5.978048371004674,-3.95680236259226,,
tetouan_zone1_power,Tetouan,8,2017-09,2,11469359.0,4.83663022541441,0.0034135908354073,0.016510276611728575,28748772.0,12460731.0,17279413.0,298578113624569.0,991372.0,982818442384.0,0.017817222693097566,,1.5762182438264971,-5.679990510530664,-4.103772266704167,-4.030287314648214,
tetouan_zone1_power,Tetouan,8,2017-10,3,12460731.0,3.3011798121232356,0.0042372778989374,0.013988016258328103,11469359.0,12749261.0,991372.0,982818442384.0,288530.0,83249560900.0,0.015249146435028338,0.016540820548174413,1.1942799234033339,-5.463834220643301,-4.269554297239967,-4.186663281972067,-4.1100429755121315
tetouan_zone1_power,Tetouan,8,2017-11,4,12749261.0,7.8443155122209305,0.0041177412495017,0.032300861558778184,12460731.0,11515292.0,288530.0,83249560900.0,1233969.0,1522679492961.0,0.023144438908553142,0.02093305147627829,2.0597891309088854,-5.492450506128784,-3.4326613752198987,-3.851107836229933,-3.935329313054678
tetouan_zone1_power,Tetouan,8,2017-12,5,11515292.0,10.922748076382106,0.00352015462704,0.03844976218106873,12749261.0,,1233969.0,1522679492961.0,,,0.03537531186992346,0.028246213332725006,2.390847594003302,-5.6492503619165015,-3.2584027679131995,-3.345532071566549,-3.653539480124355
tetouan_zone1_power,Tetouan,9,2017-07,0,78821080.0,,,,,172781584.0,,,93960504.0,8828576311934016.0,,,,,,,
tetouan_zone1_power,Tetouan,9,2017-08,1,172781584.0,7.547723604139037,0.0488030686974525,0.3683520735621812,78821080.0,121305992.0,93960504.0,8828576311934016.0,51475592.0,2649736571750464.0,,,2.0212460084124144,-3.0199620849350888,-0.9987160765226744,,
tetouan_zone1_power,Tetouan,9,2017-09,2,121305992.0,4.83663022541441,0.0053737023845314,0.025990611375406057,172781584.0,96860952.0,51475592.0,2649736571750464.0,24445040.0,597559980601600.0,0.19717134246879361,,1.5762182438264971,-5.22623815075942,-3.6500199069329233,-2.324367991727799,
tetouan_zone1_power,Tetouan,9,2017-10,3,96860952.0,3.3011798121232356,0.0225043650716543,0.07429095565919644,121305992.0,25485976.0,24445040.0,597559980601600.0,71374976.0,5094387199000576.0,0.05014078351730125,0.15621121353226122,1.1942799234033339,-3.7940459853588755,-2.599766061955542,-3.124892984444233,-2.41616734847038
tetouan_zone1_power,Tetouan,9,2017-11,4,25485976.0,7.8443155122209305,0.0446664839982986,0.3503779933042217,96860952.0,23239376.0,71374976.0,5094387199000576.0,2246600.0,5047211560000.0,0.21233447448170906,0.15021985344627473,2.0597891309088854,-3.1085318572756395,-1.0487427263667541,-1.824254394161148,-2.4328428984184067
tetouan_zone1_power,Tetouan,9,2017-12,5,23239376.0,10.922748076382106,0.027778984978795,0.3034228547409805,25485976.0,,2246600.0,5047211560000.0,,,0.3269004240226011,0.2426972679014662,2.390847594003302,-3.583475480127817,-1.192627886124515,-1.1206853062456346,-1.6137122248156037
