basis,dataset,deploy_mse,initial_risk,lambda,max_hazard,mean_gain,mean_hazard,method,seed,terminal_risk,val_directional_gain,val_mse,volatility
oracle_deployment,Air Quality,0.4495686590671539,0.4651822447776794,0.003,0.893580128658894,0.0856701982789673,0.1887123517880871,dtr,0,0.1430312991142273,0.1021558103890254,0.630606472492218,0.0859709722574521
oracle_deployment,Air Quality,0.4419654905796051,0.349092423915863,0.003,0.8320250006081684,0.0922507312847301,0.2221439911138544,dtr,1,0.1916140615940094,0.0600090569463269,0.5243172645568848,0.0889947834467477
oracle_deployment,Air Quality,0.4853796362876892,0.4218733012676239,0.003,0.7654255477327307,0.0835539700696244,0.1911752837402062,dtr,2,0.1670554727315902,0.0267718524768434,0.5441457033157349,0.0785667783553748
oracle_deployment,Air Quality,0.4574023187160492,0.3701768815517425,0.003,0.7265259403606475,0.0754651839844882,0.1865610967570183,dtr,3,0.144628420472145,0.0249001609868016,0.5035838484764099,0.0752264067374174
oracle_deployment,Air Quality,0.3807778656482696,0.289447546005249,0.003,0.6931669451048348,0.0682072820258326,0.1617507983277112,dtr,4,0.1521159708499908,0.0251870753436252,0.4076373875141144,0.0572489240075944
oracle_deployment,Air Quality,0.387682557106018,0.3240507543087005,0.003,0.7737279850212089,0.068487769155763,0.1724280498774351,dtr,5,0.1579290479421615,0.0307327241733156,0.4801771640777588,0.0496001880146321
oracle_deployment,Air Quality,0.5539730787277222,0.4842804968357086,0.003,0.7607047560357139,0.0902724633226171,0.204338431505699,dtr,6,0.2214814573526382,0.0493880156812996,0.6709389686584473,0.1006218486530392
oracle_deployment,Air Quality,0.3666397333145141,0.2704896926879883,0.003,0.837901496722344,0.0764293400337919,0.1938151895014117,dtr,7,0.1671099066734314,0.0505186804409684,0.3934560716152191,0.0435907531052407
oracle_deployment,Air Quality,0.4226267635822296,0.4237631261348724,0.003,0.8000329908757611,0.0747578458627686,0.1764079927054027,dtr,8,0.1271506994962692,0.0151619726213915,0.5842117071151733,0.0549989974585299
oracle_deployment,Air Quality,0.3785048425197601,0.3061094284057617,0.003,0.7580581181052742,0.0755743623478338,0.1851887960146544,dtr,9,0.1382961571216583,0.0264647849674882,0.4156018495559692,0.0504054732297396
oracle_deployment,Air Quality,0.4518885016441345,0.4835880100727081,0.01,0.8459044759998088,0.0884058346506208,0.1948717422508593,dtr,0,0.1360672861337661,0.0869659711574686,0.6798825263977051,0.1079946001090412
oracle_deployment,Air Quality,0.4428263306617737,0.3657011389732361,0.01,0.7570232276533663,0.0909801851026713,0.2139257066500344,dtr,1,0.1810282617807388,0.0500394578637747,0.5522996187210083,0.0978796444312605
oracle_deployment,Air Quality,0.4599669575691223,0.416675716638565,0.01,0.7571870003158385,0.0832167803309857,0.1901639686360023,dtr,2,0.1506299674510955,0.0213925230092015,0.5369417667388916,0.0793683422986342
oracle_deployment,Air Quality,0.4459798336029053,0.3739045262336731,0.01,0.7141608595279075,0.0738068202044814,0.184640100674746,dtr,3,0.1428356766700744,0.0169862081264627,0.5202620029449463,0.0781543467023096
oracle_deployment,Air Quality,0.3993589282035827,0.297911673784256,0.01,0.7630098685091037,0.0731567497365176,0.1752040101353953,dtr,4,0.1518412679433822,0.0186661451027311,0.4397456347942352,0.0616023635805905
oracle_deployment,Air Quality,0.3964470326900482,0.3478049039840698,0.01,0.7512723439296979,0.0675847893115133,0.1670682653312575,dtr,5,0.1550641804933548,0.0194231249135116,0.5194223523139954,0.0526990288586996
oracle_deployment,Air Quality,0.5045295357704163,0.453822523355484,0.01,0.6795398875586188,0.0864717016462236,0.1954579197961885,dtr,6,0.1807410717010498,0.0339350085833977,0.6499765515327454,0.085725297528363
oracle_deployment,Air Quality,0.3721923232078552,0.2947390377521515,0.01,0.8741051561732183,0.0791290980996564,0.1948526521716744,dtr,7,0.1648534387350082,0.0431383548111751,0.4311116635799408,0.0478289454045555
oracle_deployment,Air Quality,0.4029038846492767,0.4120062291622162,0.01,0.8107006415151615,0.0784985405392944,0.1862122667547407,dtr,8,0.1244124844670295,0.0132458926274858,0.5732307434082031,0.0551432145335794
oracle_deployment,Air Quality,0.371906042098999,0.3146522641181946,0.01,0.7441151325893944,0.0750365392304956,0.1834639164733599,dtr,9,0.1336343139410019,0.0171530573532499,0.4201205968856811,0.0497604929744624
oracle_deployment,Air Quality,0.4338773488998413,0.4772331416606903,0.03,0.7835855223937199,0.0804295941023156,0.1797645747023004,dtr,0,0.1330777704715728,0.0600644547363807,0.6792458295822144,0.0934107749994734
oracle_deployment,Air Quality,0.4135222136974334,0.4115345180034637,0.03,0.7965654538421533,0.0803917932789772,0.1901642889586155,dtr,1,0.1461876779794693,0.0228536042673834,0.5858596563339233,0.0735964704486199
oracle_deployment,Air Quality,0.512363612651825,0.5311627388000488,0.03,0.7184243454115951,0.0841707431944087,0.1901699342484797,dtr,2,0.1529515981674194,0.0163655601698776,0.657225489616394,0.1137746728414108
oracle_deployment,Air Quality,0.4294426441192627,0.3855694830417633,0.03,0.7343373403948402,0.0727101331111043,0.1819184436902831,dtr,3,0.1394154876470565,0.0174723444313838,0.5399757027626038,0.0758794903328582
oracle_deployment,Air Quality,0.4251992702484131,0.2992408573627472,0.03,0.8931063731307631,0.0772135626990348,0.1945286819800135,dtr,4,0.155125543475151,0.0154556299078053,0.4272697269916534,0.0695928413782707
oracle_deployment,Air Quality,0.385306566953659,0.3490637838840484,0.03,0.7767116935483532,0.0661191314691677,0.1604346109052006,dtr,5,0.1872079223394394,0.0147047611146137,0.518633246421814,0.0508777560283597
oracle_deployment,Air Quality,0.4870560467243194,0.4503687620162964,0.03,0.7256790217455051,0.0853630032157525,0.1974994208678046,dtr,6,0.159797191619873,0.0231386349118989,0.6389471888542175,0.0786963524272827
oracle_deployment,Air Quality,0.363894909620285,0.2955460548400879,0.03,0.7758279523568704,0.0758215548237785,0.1831420279169442,dtr,7,0.1615985184907913,0.0447493142095105,0.4332997500896454,0.0441559647874624
oracle_deployment,Air Quality,0.4438011944293976,0.471623420715332,0.03,0.7373943818153835,0.075605896837078,0.1759740153384328,dtr,8,0.1255492866039276,0.0113645574142192,0.6516716480255127,0.071701976722745
oracle_deployment,Air Quality,0.3738673031330108,0.3338034152984619,0.03,0.6879026595564735,0.0734381057322025,0.1782396499528794,dtr,9,0.1313769817352295,0.0134480858671254,0.4430132508277893,0.0522683977963188
oracle_deployment,Air Quality,0.4347832202911377,0.510749340057373,0.08,0.7023849992463529,0.0771870035445317,0.1770653519539706,dtr,0,0.1354057043790817,0.0337233461182693,0.6868136525154114,0.0792404508606572
oracle_deployment,Air Quality,0.4425705671310425,0.4346793293952942,0.08,0.6258810737378542,0.075597557472065,0.1721779797329211,dtr,1,0.1400110125541687,0.0136860241150033,0.5916101336479187,0.1053667159694831
oracle_deployment,Air Quality,0.4965935051441192,0.4927489459514618,0.08,0.6579381552104874,0.0783716103527694,0.1785259196033957,dtr,2,0.1481395959854126,0.0108723121470418,0.6064693927764893,0.0932953959839726
oracle_deployment,Air Quality,0.4373563230037689,0.4273399412631988,0.08,0.6116860548521268,0.0671359290601685,0.1629803013907442,dtr,3,0.1386481523513794,0.0079740894251856,0.5646286606788635,0.0724076805638653
oracle_deployment,Air Quality,0.4440134763717651,0.3220938146114349,0.08,0.9049567428866772,0.0746275477111339,0.1908513548279796,dtr,4,0.1518386155366897,0.0092672061303566,0.4336532056331634,0.0737939692986984
oracle_deployment,Air Quality,0.4200192391872406,0.3914152085781097,0.08,0.6581784120421038,0.0598540293518453,0.1366682496364108,dtr,5,0.1738190650939941,0.0080483817848665,0.5350582003593445,0.0573425139686059
oracle_deployment,Air Quality,0.5163854956626892,0.5221924185752869,0.08,0.6588101489094529,0.0791258238721639,0.1805356601695528,dtr,6,0.144961729645729,0.0128057284601803,0.6895641088485718,0.1069570957085091
oracle_deployment,Air Quality,0.391022652387619,0.3458470702171325,0.08,0.7080438385257006,0.0730530424974858,0.1799385001779792,dtr,7,0.1423718780279159,0.0347429481045953,0.4720928966999054,0.0428223219355585
oracle_deployment,Air Quality,0.4842305779457092,0.5376154780387878,0.08,0.6575237469547098,0.0740077593829482,0.1669169600687599,dtr,8,0.124442346394062,0.0074517528558599,0.7092100977897644,0.095094863281942
oracle_deployment,Air Quality,0.3970635235309601,0.3617393970489502,0.08,0.6629494912509496,0.0702661246294155,0.1696329500076581,dtr,9,0.1302571892738342,0.0079643508483623,0.4470177590847015,0.0650541468473242
prospective_predeployment,Air Quality,0.4666302502155304,0.485804945230484,0.003,0.9084266921409024,0.0862364722648635,0.1882644919784499,dtr,0,0.1455953270196914,0.1039325664783346,0.6499888300895691,0.0963686875528785
prospective_predeployment,Air Quality,0.4425413012504577,0.3513740599155426,0.003,0.8302316599352076,0.0920739873312413,0.2211720605916708,dtr,1,0.1883084326982498,0.0433809749011335,0.525160014629364,0.0888808377518059
prospective_predeployment,Air Quality,0.516907274723053,0.4723057150840759,0.003,0.7720676212213292,0.0840928281191736,0.1900772788573285,dtr,2,0.1718432009220123,0.0217659206225954,0.5908714532852173,0.0991998929026657
prospective_predeployment,Air Quality,0.4775326251983642,0.3803288340568542,0.003,0.7953881920835261,0.0780193753074854,0.1957552551700857,dtr,3,0.1505853831768036,0.0145100489772599,0.5144389271736145,0.0811922811321866
prospective_predeployment,Air Quality,0.3833505809307098,0.2835979163646698,0.003,0.7029775978633829,0.0683112723985686,0.1624235281064595,dtr,4,0.155435711145401,0.0248458837640696,0.3948877155780792,0.0578537881403391
prospective_predeployment,Air Quality,0.4004168808460235,0.3351285457611084,0.003,0.778151791863532,0.0684886258328333,0.1726915657756882,dtr,5,0.1518992036581039,0.032911604642868,0.4965265691280365,0.0506117380221238
prospective_predeployment,Air Quality,0.5807218551635742,0.4989745318889618,0.003,0.7434799436080161,0.0899283148581162,0.2021997971278396,dtr,6,0.233988270163536,0.0205768759908347,0.6825118660926819,0.1080088054891408
prospective_predeployment,Air Quality,0.3777726590633392,0.2862574458122253,0.003,0.8444492296021734,0.077683310280554,0.1962762490790805,dtr,7,0.1666961014270782,0.0475793123245239,0.4118349254131317,0.0449643014488834
prospective_predeployment,Air Quality,0.4276914894580841,0.423673152923584,0.003,0.803906984153817,0.07517114225775,0.1781478269748825,dtr,8,0.1280334144830703,0.0159276115483251,0.5893587470054626,0.0583317298032033
prospective_predeployment,Air Quality,0.3801609575748443,0.3003771901130676,0.003,0.7443699707384775,0.0747432730859145,0.182727178453151,dtr,9,0.1385167390108108,0.0207580373204987,0.4084925651550293,0.0515743212167203
prospective_predeployment,Air Quality,0.4673220813274383,0.5081644654273987,0.01,0.9280335662969488,0.0893068301491439,0.1931835743989569,dtr,0,0.1411793231964111,0.0864545937242179,0.6877896785736084,0.1073277688011654
prospective_predeployment,Air Quality,0.4556596577167511,0.4027436971664428,0.01,0.7700794465553245,0.0912524277810007,0.2133300674167706,dtr,1,0.1753633916378021,0.0348953962326049,0.6136226058006287,0.106496858753705
prospective_predeployment,Air Quality,0.4700266122817993,0.4243975579738617,0.01,0.791537801966636,0.0841121763456612,0.1949089150511274,dtr,2,0.1586931645870208,0.0143591880798339,0.5450392961502075,0.077932643018053
prospective_predeployment,Air Quality,0.4593029618263244,0.3907229006290436,0.01,0.6839044244267597,0.0761945133097469,0.1850669234935097,dtr,3,0.1446412801742553,0.0121237307786941,0.5401674509048462,0.0792415244937339
prospective_predeployment,Air Quality,0.3968196213245392,0.298427015542984,0.01,0.7780687236667783,0.0742921612691134,0.1795493965408314,dtr,4,0.1606072038412094,0.0178402660221889,0.4450423717498779,0.0607606627122509
prospective_predeployment,Air Quality,0.4176944494247436,0.3744305670261383,0.01,0.7552575261939489,0.0685890009393915,0.1690555081276851,dtr,5,0.1496862024068832,0.0243844264540179,0.548846423625946,0.057762510690469
prospective_predeployment,Air Quality,0.534072995185852,0.4728351235389709,0.01,0.6989794376729742,0.0872097912477329,0.1982268459375758,dtr,6,0.19276924431324,0.0155999427211695,0.6497743129730225,0.0929078807003776
prospective_predeployment,Air Quality,0.3800336420536041,0.2983026802539825,0.01,0.8871360107240315,0.0799361784011125,0.1969201554996581,dtr,7,0.1702501326799392,0.0371835350990295,0.4326214790344238,0.0514171807761653
prospective_predeployment,Air Quality,0.4420870840549469,0.4385668337345123,0.01,0.8103997408296286,0.077423352736514,0.1804616658915658,dtr,8,0.1298474371433258,0.0178887019897329,0.6040255427360535,0.0678323419453344
prospective_predeployment,Air Quality,0.3702313005924225,0.294838398694992,0.01,0.744116678312094,0.0740970130544155,0.1820076219690706,dtr,9,0.1357191950082779,0.0170222095374403,0.4120268523693084,0.0497947324656756
prospective_predeployment,Air Quality,0.4595628678798675,0.5143107771873474,0.03,0.9512602138710478,0.0936694381991401,0.2062448422985789,dtr,0,0.1551363915205001,0.0786506603504049,0.6974287629127502,0.0997807474414482
prospective_predeployment,Air Quality,0.4192391633987427,0.3987827897071838,0.03,0.7168309114046105,0.0833544448949396,0.194511764865516,dtr,1,0.1672165840864181,0.0212173798988605,0.6024438142776489,0.0757920476302698
prospective_predeployment,Air Quality,0.4949567019939422,0.5258815884590149,0.03,0.7916360068821542,0.0859148629242554,0.1946526966992026,dtr,2,0.1496223360300064,0.0117464155986391,0.6551921963691711,0.1063964504768149
prospective_predeployment,Air Quality,0.437414675951004,0.3836113810539245,0.03,0.7404712684422694,0.0767275262624025,0.1891773536838803,dtr,3,0.1425734311342239,0.009942045910605,0.5413075685501099,0.0738758107051882
prospective_predeployment,Air Quality,0.3957982659339905,0.2783783376216888,0.03,0.9477872091450184,0.079920855583623,0.2018735465444958,dtr,4,0.188903272151947,0.0132159607163791,0.4137226641178131,0.057265584118124
prospective_predeployment,Air Quality,0.391827255487442,0.3633639812469482,0.03,0.8179634257158515,0.070292267226614,0.1728644802772578,dtr,5,0.1877325177192688,0.0165944023378964,0.5503164529800415,0.052664667868238
prospective_predeployment,Air Quality,0.5036525726318359,0.4759651124477386,0.03,0.7452524744619251,0.0889713276876136,0.2065343057580698,dtr,6,0.1573177129030227,0.0097826498849638,0.6608110070228577,0.0907193018560135
prospective_predeployment,Air Quality,0.3751613199710846,0.3024061620235443,0.03,0.8480890458912316,0.0781795204151421,0.1891648320995759,dtr,7,0.1923006325960159,0.0309436810427698,0.4552391171455383,0.0529608761485877
prospective_predeployment,Air Quality,0.4473299980163574,0.4836645126342773,0.03,0.7731016066592186,0.0763622588594444,0.1760084893881283,dtr,8,0.124285414814949,0.0236118725661573,0.6736920475959778,0.0754312768395719
prospective_predeployment,Air Quality,0.3586123287677765,0.29606494307518,0.03,0.7392511039222094,0.0729909370653331,0.1818023049934043,dtr,9,0.1366778165102005,0.0131914171679266,0.4102958142757416,0.0500769998207968
prospective_predeployment,Air Quality,0.441227912902832,0.5213238596916199,0.08,0.8639466665910842,0.0882408106466755,0.193690747402848,dtr,0,0.1561605632305145,0.0318880747104513,0.6871273517608643,0.0814230511855577
prospective_predeployment,Air Quality,0.4006403684616089,0.3306797444820404,0.08,0.6970596634097708,0.0809000482084229,0.1868048801550355,dtr,1,0.2260156273841858,0.0110838310471896,0.5099561214447021,0.0635010719153741
prospective_predeployment,Air Quality,0.4443807005882263,0.4598730206489563,0.08,0.7588707560525729,0.0837085084524005,0.1920203769412444,dtr,2,0.132840022444725,0.0094121761363128,0.5995623469352722,0.0801777630535258
prospective_predeployment,Air Quality,0.3970215618610382,0.380917340517044,0.08,0.6923747959952058,0.0750439927680417,0.1816428248582519,dtr,3,0.1436166763305664,0.0093419880702577,0.5506993532180786,0.0605230417279511
prospective_predeployment,Air Quality,0.4046209156513214,0.3257709443569183,0.08,0.9565361235728344,0.0790662623941898,0.1984355382764942,dtr,4,0.1959033608436584,0.0091925567594067,0.484687864780426,0.0567173150827918
prospective_predeployment,Air Quality,0.4411550462245941,0.4243073165416717,0.08,0.7702414013757766,0.0674746051663532,0.1507547559995322,dtr,5,0.1769409477710724,0.0100864176092476,0.5960322022438049,0.0681275654598907
prospective_predeployment,Air Quality,0.4998228847980499,0.459223598241806,0.08,0.7842254387621483,0.0896086136111989,0.2142171736120805,dtr,6,0.1575320959091186,0.0092916096078938,0.6706762909889221,0.0841374106415612
prospective_predeployment,Air Quality,0.3966116309165954,0.3437072932720184,0.08,0.8541133455408677,0.0787752046249807,0.1894770738621546,dtr,7,0.185536116361618,0.0344562160557714,0.4881472885608673,0.05483956594709
prospective_predeployment,Air Quality,0.4534798860549927,0.5020505785942078,0.08,0.7459005453556762,0.0748470202554017,0.1685021887031526,dtr,8,0.1254322677850723,0.0207273941615532,0.6766270399093628,0.0721445881794741
prospective_predeployment,Air Quality,0.3674337863922119,0.3048602640628814,0.08,0.7174323521070464,0.0711445751134306,0.1724631187185208,dtr,9,0.14235320687294,0.0084439682549443,0.4148413240909576,0.0551764265271123
random_control,Air Quality,0.4688790440559387,0.4693762958049774,0.003,0.8803216406785116,0.0857860042247921,0.1884940379330423,dtr,0,0.1439514905214309,0.0755384050566574,0.6308360695838928,0.0940751405226713
random_control,Air Quality,0.4745686054229736,0.4001509845256805,0.003,0.7880671278900285,0.0925634109880775,0.2197099774840945,dtr,1,0.1749278753995895,0.1255660912086223,0.5934920907020569,0.1231994679404024
random_control,Air Quality,0.5423225164413452,0.4884022772312164,0.003,0.7739314536525734,0.0847533224383369,0.1913698237905807,dtr,2,0.1898436099290847,0.0545686392948545,0.5960516333580017,0.104532570480755
random_control,Air Quality,0.4901545643806457,0.3742612898349762,0.003,0.6769982916607706,0.0728951366152614,0.1790756466332616,dtr,3,0.1569943726062774,0.0467057392514985,0.5047997832298279,0.0830994507657779
random_control,Air Quality,0.3965932130813598,0.2876313924789428,0.003,0.6848911036026072,0.0694925574585795,0.1640653531200378,dtr,4,0.14774751663208,0.0673194589286015,0.388601005077362,0.0618474444916592
random_control,Air Quality,0.4209612607955932,0.3544332981109619,0.003,0.7666222977708939,0.067569911875762,0.1685686862656273,dtr,5,0.1518911719322204,0.1086522513422472,0.5024657249450684,0.0536545187144801
random_control,Air Quality,0.6019501090049744,0.4964881241321563,0.003,0.7688656051249034,0.0916999593842774,0.2074276258088594,dtr,6,0.258927434682846,0.0376422228484318,0.6801662445068359,0.1115008231371899
random_control,Air Quality,0.3737761378288269,0.272083044052124,0.003,0.8492097978966615,0.0769119824748486,0.1933730535090995,dtr,7,0.1613273173570633,0.1164167683700035,0.387286901473999,0.0422715685715555
random_control,Air Quality,0.4464024603366852,0.4437282979488373,0.003,0.7941088025329726,0.0746347535168752,0.1738764747260401,dtr,8,0.1348615735769271,0.0415387297498768,0.5997360348701477,0.0612577969249995
random_control,Air Quality,0.3882940113544464,0.3035689294338226,0.003,0.7480692973514723,0.0740643790224567,0.1821784858795971,dtr,9,0.1425735056400299,0.0555337741457182,0.4058140814304352,0.0515461574416658
random_control,Air Quality,0.4909759759902954,0.5231045484542847,0.01,0.8506095013252893,0.0819320031790994,0.1790419040077848,dtr,0,0.1571533977985382,0.0625932471505526,0.6740755438804626,0.1000902938827227
random_control,Air Quality,0.5102660655975342,0.4427224099636078,0.01,0.7596794781690326,0.0898699747165665,0.2114130018007213,dtr,1,0.1725927293300628,0.0995536236927427,0.6355141401290894,0.1445651903564818
random_control,Air Quality,0.6049537658691406,0.5369064211845398,0.01,0.741951584526687,0.0841896056663245,0.1905500862776122,dtr,2,0.2220659703016281,0.0428586885846894,0.6381416320800781,0.1268803969100506
random_control,Air Quality,0.5277776718139648,0.4098209142684936,0.01,0.6679847712701967,0.0721094597131013,0.1775519496810783,dtr,3,0.174447476863861,0.0406758670149178,0.5446256995201111,0.0925197247304717
random_control,Air Quality,0.3992705345153808,0.2931016981601715,0.01,0.6300640852232271,0.0691276611993089,0.1577563598129242,dtr,4,0.1450700312852859,0.0575246449174552,0.3998120129108429,0.0633797839923121
random_control,Air Quality,0.4643196165561676,0.3901439011096954,0.01,0.7682149589165286,0.0675313883461058,0.1642473782612308,dtr,5,0.158842846751213,0.08278722351995,0.5400717854499817,0.0656446703843502
random_control,Air Quality,0.6652278304100037,0.5111238956451416,0.01,0.7456385422953749,0.0885190281551331,0.2045384649064346,dtr,6,0.274884283542633,0.0306614672315531,0.6707487106323242,0.1187571966125916
random_control,Air Quality,0.410574734210968,0.3091328144073486,0.01,0.8233349151453333,0.0775787892285734,0.1867831072905164,dtr,7,0.150513619184494,0.0943385699699665,0.431184321641922,0.0447294061057735
random_control,Air Quality,0.4807978868484497,0.4597857892513275,0.01,0.7595403116019736,0.0735262257745489,0.1717814339128018,dtr,8,0.1508304476737976,0.0281868026174347,0.6077485084533691,0.0684164868808603
random_control,Air Quality,0.4167782068252563,0.3332920670509338,0.01,0.7165760217314374,0.0723293232731521,0.1762976595276583,dtr,9,0.1434693187475204,0.0383178912360092,0.4355632364749908,0.0596329673947549
random_control,Air Quality,0.5502161383628845,0.6063246130943298,0.03,0.8383608339845915,0.0804298289469443,0.1746468530012443,dtr,0,0.1896379888057708,0.0451760818218362,0.7358756065368652,0.1382897182149813
random_control,Air Quality,0.6426663398742676,0.5571980476379395,0.03,0.8428943534243899,0.0909347129636444,0.219018905543035,dtr,1,0.2192723900079727,0.0475541772513554,0.7525582909584045,0.2125823844947973
random_control,Air Quality,0.6510249972343445,0.5503894686698914,0.03,0.6704352201890198,0.0781123672961257,0.1764699499349886,dtr,2,0.2634934186935425,0.026538683833747,0.6333057284355164,0.1295392292423522
random_control,Air Quality,0.5850959420204163,0.449315994977951,0.03,0.6293853764528858,0.0705590221798047,0.1723828466608477,dtr,3,0.2153929322957992,0.0259657099329192,0.5656989812850952,0.1115600740146977
random_control,Air Quality,0.45343017578125,0.3454830646514892,0.03,0.7094935196962966,0.0724785063415765,0.1690246429085257,dtr,4,0.1597802639007568,0.0349550136204423,0.4437192678451538,0.0749052761994111
random_control,Air Quality,0.55436110496521,0.4500461220741272,0.03,0.6954550091428987,0.0630162608809769,0.1502709684153194,dtr,5,0.2011269479990005,0.0391591141963827,0.5710382461547852,0.0754467635988876
random_control,Air Quality,0.7414929270744324,0.5255271792411804,0.03,0.7561291467541519,0.0856811109231785,0.1995436942512066,dtr,6,0.3106100261211395,0.0169438446390217,0.6465393900871277,0.1282670567693457
random_control,Air Quality,0.4592974185943603,0.3348158299922943,0.03,0.6935520184032632,0.0678054998395964,0.1584207190766415,dtr,7,0.1657631546258926,0.0579455581204644,0.438042014837265,0.0505876428167154
random_control,Air Quality,0.5779297947883606,0.5430467128753662,0.03,0.7326892534417231,0.0742214012891054,0.1714784843563853,dtr,8,0.2042385786771774,0.0170975841324904,0.6945968270301819,0.1123503833066491
random_control,Air Quality,0.4583455324172973,0.3460829257965088,0.03,0.6453775610289992,0.0664682780858129,0.166211694388381,dtr,9,0.1679160594940185,0.0259825994228494,0.434394508600235,0.0687457470286561
random_control,Air Quality,0.609184205532074,0.6573662161827087,0.08,0.7748759932702427,0.0769195211469195,0.1642072725368834,dtr,0,0.2439964562654495,0.0219801674629079,0.7186477780342102,0.1246494908078037
random_control,Air Quality,0.6930477619171143,0.5044941902160645,0.08,0.5757778413148145,0.0747116622980684,0.1681997790912678,dtr,1,0.3511630594730377,0.0213322918990562,0.6295918226242065,0.1872066980954539
random_control,Air Quality,0.774371862411499,0.6490632891654968,0.08,0.6022487032150398,0.0754502402851358,0.1647652377748222,dtr,2,0.3367199003696441,0.0112574776698803,0.709060788154602,0.1718493771697611
random_control,Air Quality,0.6521255970001221,0.4760195612907409,0.08,0.6231910817835883,0.0669510424952022,0.1570336345587301,dtr,3,0.2945749461650848,0.0133792519569396,0.5668196082115173,0.1113412918539913
random_control,Air Quality,0.4752560257911682,0.3768242299556732,0.08,0.7316722225089831,0.0697275455109775,0.1665328433740886,dtr,4,0.1857116520404815,0.0151399959777963,0.4515900611877441,0.0775634410609582
random_control,Air Quality,0.6146416664123535,0.4662626385688782,0.08,0.5983286989246241,0.0543646683683618,0.1213449411069905,dtr,5,0.2175325751304626,0.0102044504264305,0.5259768962860107,0.0858990494698487
random_control,Air Quality,0.9115755558013916,0.640612781047821,0.08,0.7369503242770746,0.0830839766189455,0.1957165242821737,dtr,6,0.4413086473941803,0.0132774562671266,0.7523139715194702,0.1779365585324058
random_control,Air Quality,0.6194353699684143,0.4227998554706573,0.08,0.6622342853578191,0.0702854038914665,0.170174437423751,dtr,7,0.2627357244491577,0.0287852455829751,0.5061355829238892,0.070626431687372
random_control,Air Quality,0.7111377716064453,0.6241600513458252,0.08,0.6482022662144391,0.0727379047952126,0.1652899769196087,dtr,8,0.2617255449295044,0.0105122745037078,0.7280743718147278,0.1494516375987352
random_control,Air Quality,0.5756497383117676,0.4519515335559845,0.08,0.598262387420809,0.066183981555514,0.1602204550700867,dtr,9,0.2330579608678817,0.0104235386026316,0.4919649362564087,0.1051035135521597
standard,Air Quality,0.4578133225440979,0.4284462034702301,0.0,0.8977176161331512,0.0861231812858022,0.1926075782898522,standard,0,0.1510762274265289,0.1168078323890423,0.576192319393158,0.0897822009796782
standard,Air Quality,0.4437616765499115,0.3633093535900116,0.0,0.7907218189751611,0.0876770248403772,0.2120336355213247,standard,1,0.1760315746068954,0.0565878535139149,0.5339024662971497,0.0864975430771868
standard,Air Quality,0.5285694599151611,0.4660407900810241,0.0,0.7848976348693673,0.0856134181842207,0.192999583185354,standard,2,0.1798482835292816,0.0379468905514684,0.5773881673812866,0.1024637202889115
standard,Air Quality,0.4776527881622314,0.3648114502429962,0.0,0.6974579533871162,0.0739808215294033,0.1825465032178608,standard,3,0.1497494280338287,0.0277556427593888,0.5038521885871887,0.0812469845771306
standard,Air Quality,0.3967437148094177,0.295373260974884,0.0,0.7042569870277824,0.070477068494074,0.167664662252411,standard,4,0.1505900919437408,0.0228384503002824,0.4203884899616241,0.0622593274358471
standard,Air Quality,0.4098236560821533,0.3448408842086792,0.0,0.7731838906309302,0.0687133643310517,0.1762822647619623,standard,5,0.1588037014007568,0.0377449586473662,0.5110085010528564,0.051599573921458
standard,Air Quality,0.5947054624557495,0.492380678653717,0.0,0.7599386958657647,0.0908913546707481,0.2064966226436963,standard,6,0.2506366968154907,0.0646519295100508,0.6695612668991089,0.1063512638094969
standard,Air Quality,0.3803934454917907,0.2742616534233093,0.0,0.8470168811026607,0.0786169560858979,0.2004509538372469,standard,7,0.1665870100259781,0.0643291720028581,0.4026200473308563,0.0442115516923712
standard,Air Quality,0.427042543888092,0.4273297488689422,0.0,0.7978522852910875,0.0743668327573686,0.1750166721484112,standard,8,0.1303421258926391,0.0187495285067065,0.5816845893859863,0.056002119383025
standard,Air Quality,0.3779805898666382,0.3001631498336792,0.0,0.746667945151965,0.0746047717286273,0.1817541214745018,standard,9,0.1395032107830047,0.0302472895589368,0.4091055989265442,0.0507212284984188
oracle_deployment,Tetouan,43575536.0,39141832.0,0.0003,0.1543945935275898,0.0154232064572473,0.093963600237975,dtr,0,20466126.0,0.0284230691161963,27305776.0,166098954991747.22
oracle_deployment,Tetouan,106161080.0,124696976.0,0.0003,0.3129760121469837,0.0216411255920926,0.1404549185511278,dtr,1,15903200.0,0.0389569565002384,65420692.0,3874789315311341.5
oracle_deployment,Tetouan,55389140.0,75216360.0,0.0003,0.1289910024961635,0.0093968522269278,0.065243684893571,dtr,2,11532618.0,0.0204738317861583,35519568.0,1267476004642275.8
oracle_deployment,Tetouan,247763104.0,318147136.0,0.0003,0.90235474275522,0.0478183650411665,0.3220644070416467,dtr,3,12705371.0,0.1039739012283922,80924392.0,3.188501541591409e+16
oracle_deployment,Tetouan,44146532.0,40720780.0,0.0003,0.2515618521610051,0.0168343942301968,0.114339662729589,dtr,4,15786059.0,0.0267726783191137,43188528.0,377194381381197.94
oracle_deployment,Tetouan,48420660.0,67747568.0,0.0003,0.1290331781034766,0.0054693005125348,0.0437274250536072,dtr,5,15354213.0,0.0176480869628584,39006612.0,731006493643590.9
oracle_deployment,Tetouan,30128390.0,44901420.0,0.0003,0.1041852145856639,0.0075870810542255,0.0444981193966204,dtr,6,14395144.0,0.0130249784618127,28773634.0,260751704252092.84
oracle_deployment,Tetouan,229568256.0,268690272.0,0.0003,0.7918222465203811,0.044174388051033,0.3066299519097328,dtr,7,13230376.0,0.0648618094039528,79468376.0,2.524102659649422e+16
oracle_deployment,Tetouan,25385874.0,41748316.0,0.0003,0.0662377220783003,0.0043982151352489,0.0303272490134265,dtr,8,11249254.0,0.0114298902031285,29509230.0,225677042331997.0
oracle_deployment,Tetouan,52518296.0,27535550.0,0.0003,0.2916439870632102,0.0187918909359723,0.1318948394139333,dtr,9,26174588.0,0.0312070218754596,18441374.0,436916637403576.56
oracle_deployment,Tetouan,30246982.0,35363732.0,0.001,0.0904467699047677,0.0071285049586246,0.0480653069172366,dtr,0,16459712.0,0.0291816550688665,36157876.0,119517538964670.69
oracle_deployment,Tetouan,183111520.0,211175072.0,0.001,0.5552983958122115,0.036603064276278,0.2363740437543694,dtr,1,18604264.0,0.0667066110776421,87687552.0,1.4291382752441848e+16
oracle_deployment,Tetouan,39835252.0,46312412.0,0.001,0.1344650118010541,0.0094121258395413,0.0642579402296271,dtr,2,12559068.0,0.0153120637740702,33129844.0,454407917658250.3
oracle_deployment,Tetouan,199453856.0,269681856.0,0.001,0.5705294950355076,0.0349544228520244,0.2270210155840612,dtr,3,9747659.0,0.0909146949893138,87319192.0,2.1455051807541224e+16
oracle_deployment,Tetouan,35425392.0,47015024.0,0.001,0.1516817742360675,0.0102349204632143,0.0651950426120438,dtr,4,14380091.0,0.0225369795912601,41732536.0,265982325656753.47
oracle_deployment,Tetouan,54550360.0,69164288.0,0.001,0.1402555212676265,0.00755269274426,0.0587001817807024,dtr,5,12011753.0,0.0173524254033908,36910028.0,1066626536624764.6
oracle_deployment,Tetouan,39639192.0,58656464.0,0.001,0.1070785772150041,0.0075184778155138,0.0481913775442384,dtr,6,13428316.0,0.0154063092147717,30356254.0,570013887756933.5
oracle_deployment,Tetouan,490976544.0,504792448.0,0.001,2.231651211195228,0.1052331576744715,0.7472768031246768,dtr,7,24388204.0,0.1257295372924735,120143728.0,1.0846759637966526e+17
oracle_deployment,Tetouan,30336602.0,51523208.0,0.001,0.0639303249582498,0.0042101291473954,0.0275901661015189,dtr,8,14908848.0,0.0151009643908406,37324336.0,273867059743095.7
oracle_deployment,Tetouan,33762192.0,16829266.0,0.001,0.2576150182076123,0.0165999035816639,0.1182202521122828,dtr,9,18731914.0,0.0257690468148238,19735666.0,201189109959585.88
oracle_deployment,Tetouan,49203740.0,57051048.0,0.003,0.145484014826617,0.0148497143139441,0.0912035831788851,dtr,0,21853818.0,0.0336493816369218,34377308.0,258655886829912.53
oracle_deployment,Tetouan,155886192.0,189318448.0,0.003,0.4607863529857438,0.028184783955415,0.1897479024305925,dtr,1,16055817.0,0.0633662566678337,85525152.0,1.0103241801747472e+16
oracle_deployment,Tetouan,29590078.0,42977100.0,0.003,0.0866585540075761,0.0068293822308381,0.0446518032168428,dtr,2,14599749.0,0.0158163489186915,30866218.0,189084023140979.47
oracle_deployment,Tetouan,260305472.0,328894336.0,0.003,0.8405700982498546,0.0532621200351665,0.3331971967262339,dtr,3,14560668.0,0.1237505180913893,98138352.0,3.493005930353989e+16
oracle_deployment,Tetouan,40053520.0,34953104.0,0.003,0.2411900707562066,0.0140469445226093,0.0988950428853945,dtr,4,14624659.0,0.0258062155628899,36546644.0,343057602835998.2
oracle_deployment,Tetouan,62594232.0,72856488.0,0.003,0.2362204699145625,0.0104585204583903,0.0800759146372653,dtr,5,17164378.0,0.0188038993036486,36155880.0,1217753637030156.0
oracle_deployment,Tetouan,33612028.0,42270940.0,0.003,0.1397256406093215,0.0088794778566807,0.0569952762222586,dtr,6,17335850.0,0.0130305527378626,28580076.0,215156643540516.53
oracle_deployment,Tetouan,355036608.0,334900000.0,0.003,1.6033779969994073,0.083577102360626,0.60080799955731,dtr,7,23829860.0,0.0862455731206904,97158168.0,5.599624297019305e+16
oracle_deployment,Tetouan,17789468.0,24181616.0,0.003,0.0526462664079855,0.0038861034360403,0.0252437842414357,dtr,8,12984642.0,0.0127232388537275,29247984.0,33644647319613.887
oracle_deployment,Tetouan,25672182.0,14089210.0,0.003,0.1225204545952252,0.0090160553033153,0.0621122254441532,dtr,9,21068854.0,0.0185420631358098,25583720.0,50760113020589.336
oracle_deployment,Tetouan,33173432.0,25164866.0,0.01,0.1400374288590302,0.0107760654451946,0.0690125663933271,dtr,0,20419036.0,0.0277639429588786,27706418.0,65286735857739.23
oracle_deployment,Tetouan,106713112.0,155595968.0,0.01,0.2229869465920076,0.013636329366515,0.0910627948274954,dtr,1,11344699.0,0.0451871953863915,71249200.0,5511899499712237.0
oracle_deployment,Tetouan,43573964.0,58528432.0,0.01,0.1216068837399508,0.0088242371566593,0.0600377597382096,dtr,2,9736729.0,0.0152164258619258,38358620.0,736265903755206.1
oracle_deployment,Tetouan,154987552.0,210000048.0,0.01,0.4728657630498252,0.0266571358467141,0.1718347919012251,dtr,3,11958498.0,0.0677430245937111,73568320.0,1.2482768950670534e+16
oracle_deployment,Tetouan,41648980.0,52474348.0,0.01,0.1622457872982215,0.0094335377992441,0.0656097261888345,dtr,4,13737493.0,0.0230468180987352,46977048.0,392732781696706.56
oracle_deployment,Tetouan,29544426.0,42063680.0,0.01,0.0876875432035584,0.0042597761688133,0.0301226480972893,dtr,5,17068834.0,0.0095822511610654,27747452.0,169537356529803.56
oracle_deployment,Tetouan,35553684.0,46920688.0,0.01,0.0922059382896856,0.0078932704248776,0.0482525594549767,dtr,6,15581490.0,0.0161559715398836,32544316.0,321278056502059.2
oracle_deployment,Tetouan,133325232.0,169863728.0,0.01,0.3948282597668491,0.0190654171165078,0.1356049435072087,dtr,7,10602397.0,0.0353699103947762,66183304.0,8228599124264034.0
oracle_deployment,Tetouan,16975480.0,24419382.0,0.01,0.038449762181069,0.0029704218419889,0.0200621808973952,dtr,8,11515292.0,0.0132368565732121,25275912.0,48726159718222.25
oracle_deployment,Tetouan,86903344.0,78821080.0,0.01,0.3683520735621815,0.0248544341884553,0.1870724147736646,dtr,9,23239376.0,0.0494245967008377,36710580.0,2757809853001252.0
prospective_predeployment,Tetouan,28797400.0,32481030.0,0.0003,0.0847183387410482,0.008104592639332,0.0527378359828136,dtr,0,16736616.0,0.0330905432800994,37373308.0,77343556216617.89
prospective_predeployment,Tetouan,242058016.0,262490464.0,0.0003,0.8919725669229301,0.0588154084980487,0.3756199709794332,dtr,1,20905462.0,0.0929952898420705,103964608.0,2.449067026958339e+16
prospective_predeployment,Tetouan,54576324.0,84384576.0,0.0003,0.1360974521306059,0.0092057774309068,0.0622323926035751,dtr,2,9727927.0,0.0249308224475666,38243328.0,1477985796813364.2
prospective_predeployment,Tetouan,170423904.0,244003504.0,0.0003,0.5285899254305396,0.0290197739377617,0.1903401245184504,dtr,3,10563205.0,0.0911548014981282,71042552.0,1.5892035089356762e+16
prospective_predeployment,Tetouan,41442284.0,40909888.0,0.0003,0.2727633448159487,0.0153328940893212,0.1020031280299249,dtr,4,15745849.0,0.0214923188931737,37953656.0,304562738450789.25
prospective_predeployment,Tetouan,135393056.0,181461232.0,0.0003,0.3626339283787431,0.0167631779331713,0.1361299348033523,dtr,5,11123849.0,0.0426738113164901,64624944.0,8100132846896864.0
prospective_predeployment,Tetouan,48463612.0,72747160.0,0.0003,0.098095671314804,0.009301197870324,0.0576270667891157,dtr,6,14287107.0,0.0384813436664953,38869320.0,1016260655377877.6
prospective_predeployment,Tetouan,279539168.0,328351264.0,0.0003,1.023380810429986,0.05095629246595,0.3592558839684014,dtr,7,13608265.0,0.0734120541148715,97548920.0,3.798251225996836e+16
prospective_predeployment,Tetouan,30328560.0,50639376.0,0.0003,0.0728762221663564,0.0063294072945912,0.0389914925016464,dtr,8,16633431.0,0.0268071587375604,42733236.0,251678383984309.25
prospective_predeployment,Tetouan,40628880.0,26111898.0,0.0003,0.244683159128225,0.0134654496020327,0.0963697250718494,dtr,9,23031136.0,0.0277076354063708,24701658.0,188064116988176.53
prospective_predeployment,Tetouan,63557072.0,98847744.0,0.001,0.1723257472734516,0.012039728462696,0.0837266098217126,dtr,0,21050538.0,0.0430259629676902,51955608.0,1547099525010357.0
prospective_predeployment,Tetouan,266448896.0,335173056.0,0.001,0.7338106168325699,0.0475240936502814,0.3206847533925524,dtr,1,21638854.0,0.1121769920941476,111140760.0,3.139051478389688e+16
prospective_predeployment,Tetouan,45005988.0,67575760.0,0.001,0.1005867489311862,0.0073632371301452,0.0491852306295597,dtr,2,11055559.0,0.0209219741256727,36816060.0,949896250083058.8
prospective_predeployment,Tetouan,166752832.0,207585664.0,0.001,0.4756387012986016,0.031807548366487,0.2079458316663734,dtr,3,13183056.0,0.0920602651024559,77784672.0,1.441493829000332e+16
prospective_predeployment,Tetouan,54227840.0,61985816.0,0.001,0.2247198755717259,0.0120031467328468,0.092143075702513,dtr,4,14473682.0,0.0246957284288111,44543688.0,937967256288590.0
prospective_predeployment,Tetouan,52899912.0,64511576.0,0.001,0.142864427431145,0.0071266801872601,0.0556803319570571,dtr,5,14480215.0,0.017205934886751,35365468.0,841954511759331.0
prospective_predeployment,Tetouan,109446384.0,182499696.0,0.001,0.2694899079819414,0.0232444405555725,0.1304383931392804,dtr,6,14572929.0,0.0804283305161203,68980296.0,7481164416844552.0
prospective_predeployment,Tetouan,199351248.0,213462448.0,0.001,0.8282630460599871,0.0404970824408034,0.292129777657058,dtr,7,14316026.0,0.0527646042175848,72165448.0,1.6988965124782624e+16
prospective_predeployment,Tetouan,16964866.0,19696068.0,0.001,0.06649368000001,0.0035851896585275,0.0262007659370251,dtr,8,14583436.0,0.0153727756511209,29561030.0,25418274603739.25
prospective_predeployment,Tetouan,47338896.0,42416500.0,0.001,0.2696720335270076,0.0194316731455425,0.127848834918412,dtr,9,21461472.0,0.0521323157572789,24802268.0,222580898200254.25
prospective_predeployment,Tetouan,41432320.0,37380024.0,0.003,0.1721437390809658,0.0153706626345713,0.091345595524405,dtr,0,22295010.0,0.0331645751260017,34112420.0,106384934371247.69
prospective_predeployment,Tetouan,278824768.0,331141888.0,0.003,0.7853846207146782,0.0589407356455922,0.3570301095622901,dtr,1,17518992.0,0.1147480811143399,110741472.0,3.747846102550778e+16
prospective_predeployment,Tetouan,28007386.0,51595816.0,0.003,0.0753342966316881,0.0052956702032436,0.0337286554375765,dtr,2,10377530.0,0.0177047838387376,32852840.0,358324663356094.2
prospective_predeployment,Tetouan,151238880.0,227896816.0,0.003,0.4930880985206844,0.0263926396146416,0.1657277034362204,dtr,3,13054730.0,0.0846133233202394,68970288.0,1.2766581605889326e+16
prospective_predeployment,Tetouan,36529584.0,51574248.0,0.003,0.1470014720187306,0.0086616964157049,0.0571868983509468,dtr,4,13291265.0,0.0185614482572604,42664292.0,342599430484218.06
prospective_predeployment,Tetouan,36873536.0,51111272.0,0.003,0.1032019919254515,0.004412281132924,0.0345783730807266,dtr,5,12440341.0,0.014777065775542,34644340.0,397504757134349.5
prospective_predeployment,Tetouan,29899808.0,48017376.0,0.003,0.1105557658103147,0.0071413215094556,0.0455359788258621,dtr,6,14996602.0,0.033215542586829,35251908.0,274598642376473.9
prospective_predeployment,Tetouan,88124064.0,91500744.0,0.003,0.3679218371695064,0.0188144384883344,0.1364430401733699,dtr,7,13769842.0,0.0297373457793112,48859728.0,3199329429216822.0
prospective_predeployment,Tetouan,30027642.0,44794964.0,0.003,0.0774007993616462,0.0060001565919568,0.0363417650997316,dtr,8,17581450.0,0.0226617580948088,38598340.0,187674582000239.56
prospective_predeployment,Tetouan,18198750.0,12023135.0,0.003,0.1041337819106579,0.0074491104266295,0.0459811738615781,dtr,9,19629892.0,0.0199793593479635,23769628.0,42634047621318.914
prospective_predeployment,Tetouan,30582310.0,29351748.0,0.01,0.1197025428743445,0.0102610174411286,0.0671080327523433,dtr,0,19861128.0,0.0264293002897707,31167796.0,33574930124355.55
prospective_predeployment,Tetouan,83242248.0,107063112.0,0.01,0.2123441073756342,0.0140023305236051,0.0964480126483008,dtr,1,13714470.0,0.0377135576310487,57591336.0,2359425603653338.5
prospective_predeployment,Tetouan,48069996.0,65449544.0,0.01,0.0949963541881988,0.0089206659855941,0.0588893763501342,dtr,2,10977052.0,0.0192251439411566,38694392.0,901414365098941.0
prospective_predeployment,Tetouan,126881832.0,175313904.0,0.01,0.3737964943547641,0.0227091914663712,0.1428388286784352,dtr,3,12477732.0,0.0563795571444464,58777816.0,9014783931056598.0
prospective_predeployment,Tetouan,44080544.0,42058176.0,0.01,0.2072233462403485,0.0138793960213661,0.0920970078609808,dtr,4,15026950.0,0.0173283354506466,42034024.0,419230675414504.0
prospective_predeployment,Tetouan,50840004.0,65080052.0,0.01,0.1099274041933995,0.0058105176625152,0.0449604070798719,dtr,5,14165859.0,0.0167368799515869,37315672.0,834578037798843.9
prospective_predeployment,Tetouan,35636952.0,50990812.0,0.01,0.0880789035423306,0.0067329088536401,0.0421471403322179,dtr,6,15539913.0,0.0212211624222157,31775780.0,362217159909419.25
prospective_predeployment,Tetouan,222829968.0,262365680.0,0.01,0.8308203525698451,0.0401523673596481,0.2877007012709066,dtr,7,16103936.0,0.0499211630643174,76042328.0,2.2025290085031948e+16
prospective_predeployment,Tetouan,19998422.0,26287510.0,0.01,0.0452089602029458,0.004669996133695,0.0287934848926391,dtr,8,13762353.0,0.0174733844529735,32506370.0,43889946423612.9
prospective_predeployment,Tetouan,23708016.0,17827356.0,0.01,0.1442054103261849,0.0109449613373726,0.0709604844773658,dtr,9,18221772.0,0.0238137575908002,37189716.0,35296626416162.336
random_control,Tetouan,34004488.0,26669238.0,0.0003,0.1340254996730177,0.0116471578367054,0.0770138161632399,dtr,0,18346072.0,0.1460884860521674,30820330.0,73728749397551.67
random_control,Tetouan,214884960.0,256613136.0,0.0003,0.6766285512868403,0.0416117442461351,0.2723590054273564,dtr,1,17620462.0,0.327435017066358,99994944.0,1.988157565618351e+16
random_control,Tetouan,57981584.0,85991936.0,0.0003,0.1404810533919646,0.0089886929684629,0.0604034481711128,dtr,2,10652571.0,0.0919533633034954,39722276.0,1640073515454064.0
random_control,Tetouan,173781728.0,223687808.0,0.0003,0.5530194614320376,0.0331511353918661,0.2201807236325688,dtr,3,11711502.0,0.2174262648723164,77077432.0,1.5138850961013328e+16
random_control,Tetouan,46942796.0,51511768.0,0.0003,0.2807112800302726,0.011760210385546,0.0858238359883059,dtr,4,18359852.0,0.1456223556361346,46801448.0,366145875397754.7
random_control,Tetouan,99139016.0,123346208.0,0.0003,0.28691640440347,0.0130584488312403,0.1100258372317145,dtr,5,12852660.0,0.1639862183230387,48906268.0,4015276535529977.5
random_control,Tetouan,39191292.0,62335864.0,0.0003,0.086107850033263,0.0073005349064866,0.0432771433685736,dtr,6,11583780.0,0.0682150259586848,37475472.0,702607780380992.6
random_control,Tetouan,208670768.0,221247808.0,0.0003,0.9100495726091348,0.0422455724328756,0.3244905338533518,dtr,7,16028372.0,0.2193833582496816,78547328.0,1.8972339867228468e+16
random_control,Tetouan,19106792.0,25397806.0,0.0003,0.0818253575842778,0.0040091467283976,0.0290077243253573,dtr,8,14357587.0,0.102575979489012,31393254.0,28492004467649.0
random_control,Tetouan,28191770.0,20276846.0,0.0003,0.1815534568374215,0.0095236986720313,0.0698272704799694,dtr,9,20318318.0,0.1120350828804822,24496534.0,37443925496474.22
random_control,Tetouan,56697264.0,79957104.0,0.001,0.1377653191952166,0.0140264416113495,0.0901438872749964,dtr,0,18760816.0,0.1754357984157208,39402724.0,811457493816070.0
random_control,Tetouan,151095648.0,196705072.0,0.001,0.4907970076418806,0.0278130224905908,0.1765431027331367,dtr,1,15612894.0,0.2411316724422851,77058072.0,9943191101845534.0
random_control,Tetouan,36943824.0,62169028.0,0.001,0.0760015430192146,0.0063779598955685,0.0404447254538391,dtr,2,12323953.0,0.0819283074314259,38438208.0,595565929680916.6
random_control,Tetouan,157959504.0,204896992.0,0.001,0.4577015830136986,0.0278777060254166,0.1848564955040759,dtr,3,11229017.0,0.274515719361644,65496392.0,1.2985515977434466e+16
random_control,Tetouan,47196396.0,47090980.0,0.001,0.2713113076263991,0.0148216506155828,0.1043184656025384,dtr,4,14103217.0,0.1420052091714897,45302568.0,443513158339390.06
random_control,Tetouan,120485808.0,163004688.0,0.001,0.3352776046941997,0.0151406692845436,0.1265927617247726,dtr,5,11188704.0,0.1736075608890999,70382616.0,6375575569100673.0
random_control,Tetouan,30001778.0,42857588.0,0.001,0.078237369009504,0.0067873515654355,0.0410464981193285,dtr,6,15030403.0,0.0691614552708054,28883992.0,221112825690488.84
random_control,Tetouan,275449952.0,314074880.0,0.001,0.9373621274611854,0.047229087135444,0.3425544036656676,dtr,7,16941894.0,0.2373627987172868,88531592.0,3.281320014578022e+16
random_control,Tetouan,16869486.0,13518209.0,0.001,0.0999344199640756,0.0058041969314217,0.0397494110448209,dtr,8,18926342.0,0.1010437251657301,29197726.0,34175458562879.14
random_control,Tetouan,20027080.0,27412524.0,0.001,0.1809226537960598,0.0079892505115518,0.0586664705866457,dtr,9,15947474.0,0.0691782516208502,33161996.0,30823317828411.223
random_control,Tetouan,50640084.0,67442624.0,0.003,0.1304020746180214,0.0125360301074882,0.0817681544395404,dtr,0,19388416.0,0.1697830118116785,43251076.0,691274494518419.1
random_control,Tetouan,124296176.0,172218624.0,0.003,0.3485892638868288,0.0241341395303607,0.1439689347627657,dtr,1,14419454.0,0.2241289641687779,69146968.0,7060936790670676.0
random_control,Tetouan,55541744.0,79843280.0,0.003,0.1301171561411484,0.0086578372865915,0.0619372233548254,dtr,2,11024665.0,0.0876074763920789,37309940.0,1490621397313812.8
random_control,Tetouan,185202704.0,250999472.0,0.003,0.6103873811395131,0.0388752093228201,0.2375867004809796,dtr,3,12264222.0,0.2340265700291632,70183376.0,1.9198564711871068e+16
random_control,Tetouan,20748998.0,20087764.0,0.003,0.1456734693636646,0.0126351595778639,0.0698037442369212,dtr,4,13088429.0,0.123691967927693,35013436.0,23473389058349.223
random_control,Tetouan,70411952.0,107958424.0,0.003,0.1951841940098201,0.010082785738632,0.0788715080119572,dtr,5,13076336.0,0.196549047754979,68428608.0,2318775845278633.0
random_control,Tetouan,37271504.0,50330848.0,0.003,0.0924486362248704,0.0069700286258012,0.0444874908586875,dtr,6,14353103.0,0.0511292564955782,27025754.0,386433783394526.9
random_control,Tetouan,274662976.0,286857792.0,0.003,0.984987782410885,0.0503066728512446,0.3790762409162677,dtr,7,15160786.0,0.1449651574827934,83701664.0,3.332927447129089e+16
random_control,Tetouan,16757008.0,25064312.0,0.003,0.0532941034711624,0.0037223513160521,0.0247701205185913,dtr,8,10956887.0,0.0963838298029804,29965650.0,59584326632263.805
random_control,Tetouan,45044144.0,25652136.0,0.003,0.2540789404201319,0.0141437030397355,0.1036809252788381,dtr,9,23338404.0,0.1012088157548713,17754212.0,311768581963640.9
random_control,Tetouan,76848736.0,48442304.0,0.01,0.4874683771384252,0.0312465312890708,0.1981478992613855,dtr,0,24051804.0,0.0795504453240848,19842144.0,1275151911814413.0
random_control,Tetouan,145090480.0,182639872.0,0.01,0.4902392406001759,0.0325513584539294,0.2006863089784914,dtr,1,13211733.0,0.1740457108329119,68195152.0,9596046533800946.0
random_control,Tetouan,27746018.0,44990100.0,0.01,0.071574899715567,0.008003876156484,0.0458524087913672,dtr,2,15167215.0,0.0664503636255941,30800096.0,218340343625859.9
random_control,Tetouan,71036848.0,112488200.0,0.01,0.2136143884265789,0.0146683570152769,0.0860378503671721,dtr,3,12465787.0,0.1460778271348533,56605716.0,2496089406342938.5
random_control,Tetouan,29543826.0,28271072.0,0.01,0.1677939040076649,0.0110563883402695,0.0717093429330388,dtr,4,14042042.0,0.0660450730764583,35945780.0,117889001903367.69
random_control,Tetouan,35591940.0,49403596.0,0.01,0.1482722436157302,0.0047665085488309,0.0387967258392868,dtr,5,12470331.0,0.1209143926754241,29514114.0,396888878325743.4
random_control,Tetouan,26797014.0,35040524.0,0.01,0.0814718240655234,0.0065708400992055,0.0413925127913557,dtr,6,14602870.0,0.044627787066939,27311478.0,115165696129390.23
random_control,Tetouan,228023824.0,254216368.0,0.01,0.6911826270479782,0.0367518590064719,0.2785760488551872,dtr,7,13616751.0,0.08900005708301,80836472.0,2.261763102334019e+16
random_control,Tetouan,17523138.0,24084410.0,0.01,0.098351247763944,0.0059004786695974,0.0387999389703545,dtr,8,10117263.0,0.0592353768809571,31854458.0,38730141175356.805
random_control,Tetouan,19556206.0,13697363.0,0.01,0.1454078423838865,0.0115636228583753,0.0751531275244002,dtr,9,19161086.0,0.0685830042987573,28208730.0,10998030470142.805
standard,Tetouan,46763640.0,63471116.0,0.0,0.1307973208907043,0.0113159903946022,0.0722313749476513,standard,0,19843120.0,0.0363333424068105,40921732.0,414416225765829.0
standard,Tetouan,271636160.0,312084032.0,0.0,0.8772632620254411,0.0632263131750126,0.3865185067943574,standard,1,19812232.0,0.0996208764164825,108292984.0,3.2059737978492764e+16
standard,Tetouan,29917356.0,41292172.0,0.0,0.1005822010779423,0.0089420362686117,0.0581721928045769,standard,2,10337812.0,0.0144785005762114,31463312.0,291114221727254.2
standard,Tetouan,248380400.0,352446144.0,0.0,0.8661374357673485,0.0481374152004718,0.3016847521415441,standard,3,11820984.0,0.1370559511723197,103568688.0,3.4782679461912508e+16
standard,Tetouan,45638996.0,50777912.0,0.0,0.2330781938903009,0.0134252883338679,0.0928496221830025,standard,4,14536343.0,0.0224562573954055,40568332.0,483910993879124.2
standard,Tetouan,55328256.0,81266464.0,0.0,0.1130709619654955,0.0055386914367166,0.0452251892050003,standard,5,14636297.0,0.0166674498570421,41354232.0,1227157982553033.8
standard,Tetouan,35560244.0,50380488.0,0.0,0.0820016436882171,0.0057804269405702,0.0376907447495968,standard,6,13692864.0,0.020504023336919,31177432.0,357495149894854.56
standard,Tetouan,284504224.0,276362272.0,0.0,1.129194130518811,0.0613768071246643,0.4438754704915712,standard,7,16638299.0,0.0719094431682579,89415800.0,3.706300153451498e+16
standard,Tetouan,21709804.0,36929388.0,0.0,0.078255506758621,0.0048345522178957,0.0326510154990224,standard,8,12597831.0,0.0188807672795539,35706908.0,129130527900315.31
standard,Tetouan,37921524.0,24572286.0,0.0,0.2418662811877863,0.0211623275342086,0.1295443998347729,standard,9,22966160.0,0.0310737087725507,21176376.0,138661166975939.23
